1.20E-02,2.00E-02
1.20E-02,3.00E-02
1.20E-02,4.00E-02
1.20E-02,5.00E-02
1.20E-02,6.00E-02
1.20E-02,7.00E-02
1.20E-02,8.00E-02
1.20E-02,9.00E-02
1.20E-02,1.00E-01
1.20E-02,1.10E-01
1.20E-02,1.20E-01
1.20E-02,1.30E-01
1.20E-02,1.40E-01
1.20E-02,1.00E-01
1.20E-02,2.00E-01
1.20E-02,3.00E-01
1.20E-02,4.00E-01
1.20E-02,5.00E-01
1.20E-02,6.00E-01
1.20E-02,7.00E-01
1.20E-02,8.00E-01
1.20E-02,9.00E-01
1.20E-02,1.00E+00
1.20E-02,1.10E+00
1.20E-02,1.20E+00
1.20E-02,1.30E+00
1.20E-02,1.40E+00
1.20E-02,1.50E+00
1.20E-02,1.60E+00
1.20E-02,1.70E+00
1.20E-02,1.80E+00
1.20E-02,1.90E+00
1.20E-02,2.00E+00
1.20E-02,2.10E+00
1.20E-02,2.20E+00
1.20E-02,2.30E+00
1.20E-02,2.40E+00
1.20E-02,2.50E+00
1.20E-02,2.60E+00
1.20E-02,2.70E+00
1.20E-02,2.80E+00
1.20E-02,2.90E+00
1.20E-02,3.00E+00
1.20E-02,3.10E+00
1.20E-02,3.20E+00
1.20E-02,3.30E+00
1.20E-02,3.40E+00
1.20E-02,3.50E+00
1.20E-02,3.60E+00
1.20E-02,3.70E+00
1.20E-02,3.80E+00
1.20E-02,3.90E+00
1.20E-02,4.00E+00
1.20E-02,4.10E+00
1.20E-02,4.20E+00
1.20E-02,4.30E+00
1.20E-02,4.40E+00
1.20E-02,4.50E+00
1.20E-02,4.60E+00
1.20E-02,4.70E+00
1.20E-02,4.80E+00
1.20E-02,4.90E+00
1.20E-02,5.00E+00
2.20E-02,1.00E-02
2.20E-02,2.00E-02
2.20E-02,3.00E-02
2.20E-02,4.00E-02
2.20E-02,5.00E-02
2.20E-02,6.00E-02
2.20E-02,7.00E-02
2.20E-02,8.00E-02
2.20E-02,9.00E-02
2.20E-02,1.00E-01
2.20E-02,1.10E-01
2.20E-02,1.20E-01
2.20E-02,1.30E-01
2.20E-02,1.40E-01
2.20E-02,1.00E-01
2.20E-02,2.00E-01
2.20E-02,3.00E-01
2.20E-02,4.00E-01
2.20E-02,5.00E-01
2.20E-02,6.00E-01
2.20E-02,7.00E-01
2.20E-02,8.00E-01
2.20E-02,9.00E-01
2.20E-02,1.00E+00
2.20E-02,1.10E+00
2.20E-02,1.20E+00
2.20E-02,1.30E+00
2.20E-02,1.40E+00
2.20E-02,1.50E+00
2.20E-02,1.60E+00
2.20E-02,1.70E+00
2.20E-02,1.80E+00
2.20E-02,1.90E+00
2.20E-02,2.00E+00
2.20E-02,2.10E+00
2.20E-02,2.20E+00
2.20E-02,2.30E+00
2.20E-02,2.40E+00
2.20E-02,2.50E+00
2.20E-02,2.60E+00
2.20E-02,2.70E+00
2.20E-02,2.80E+00
2.20E-02,2.90E+00
2.20E-02,3.00E+00
2.20E-02,3.10E+00
2.20E-02,3.20E+00
2.20E-02,3.30E+00
2.20E-02,3.40E+00
2.20E-02,3.50E+00
2.20E-02,3.60E+00
2.20E-02,3.70E+00
2.20E-02,3.80E+00
2.20E-02,3.90E+00
2.20E-02,4.00E+00
2.20E-02,4.10E+00
2.20E-02,4.20E+00
2.20E-02,4.30E+00
2.20E-02,4.40E+00
2.20E-02,4.50E+00
2.20E-02,4.60E+00
2.20E-02,4.70E+00
2.20E-02,4.80E+00
2.20E-02,4.90E+00
2.20E-02,5.00E+00
3.20E-02,1.00E-02
3.20E-02,2.00E-02
3.20E-02,3.00E-02
3.20E-02,4.00E-02
3.20E-02,5.00E-02
3.20E-02,6.00E-02
3.20E-02,7.00E-02
3.20E-02,8.00E-02
3.20E-02,9.00E-02
3.20E-02,1.00E-01
3.20E-02,1.10E-01
3.20E-02,1.20E-01
3.20E-02,1.30E-01
3.20E-02,1.40E-01
3.20E-02,1.00E-01
3.20E-02,2.00E-01
3.20E-02,3.00E-01
3.20E-02,4.00E-01
3.20E-02,5.00E-01
3.20E-02,6.00E-01
3.20E-02,7.00E-01
3.20E-02,8.00E-01
3.20E-02,9.00E-01
3.20E-02,1.00E+00
3.20E-02,1.10E+00
3.20E-02,1.20E+00
3.20E-02,1.30E+00
3.20E-02,1.40E+00
3.20E-02,1.50E+00
3.20E-02,1.60E+00
3.20E-02,1.70E+00
3.20E-02,1.80E+00
3.20E-02,1.90E+00
3.20E-02,2.00E+00
3.20E-02,2.10E+00
3.20E-02,2.20E+00
3.20E-02,2.30E+00
3.20E-02,2.40E+00
3.20E-02,2.50E+00
3.20E-02,2.60E+00
3.20E-02,2.70E+00
3.20E-02,2.80E+00
3.20E-02,2.90E+00
3.20E-02,3.00E+00
3.20E-02,3.10E+00
3.20E-02,3.20E+00
3.20E-02,3.30E+00
3.20E-02,3.40E+00
3.20E-02,3.50E+00
3.20E-02,3.60E+00
3.20E-02,3.70E+00
3.20E-02,3.80E+00
3.20E-02,3.90E+00
3.20E-02,4.00E+00
3.20E-02,4.10E+00
3.20E-02,4.20E+00
3.20E-02,4.30E+00
3.20E-02,4.40E+00
3.20E-02,4.50E+00
3.20E-02,4.60E+00
3.20E-02,4.70E+00
3.20E-02,4.80E+00
3.20E-02,4.90E+00
3.20E-02,5.00E+00
4.20E-02,1.00E-02
4.20E-02,2.00E-02
4.20E-02,3.00E-02
4.20E-02,4.00E-02
4.20E-02,5.00E-02
4.20E-02,6.00E-02
4.20E-02,7.00E-02
4.20E-02,8.00E-02
4.20E-02,9.00E-02
4.20E-02,1.00E-01
4.20E-02,1.10E-01
4.20E-02,1.20E-01
4.20E-02,1.30E-01
4.20E-02,1.40E-01
4.20E-02,1.00E-01
4.20E-02,2.00E-01
4.20E-02,3.00E-01
4.20E-02,4.00E-01
4.20E-02,5.00E-01
4.20E-02,6.00E-01
4.20E-02,7.00E-01
4.20E-02,8.00E-01
4.20E-02,9.00E-01
4.20E-02,1.00E+00
4.20E-02,1.10E+00
4.20E-02,1.20E+00
4.20E-02,1.30E+00
4.20E-02,1.40E+00
4.20E-02,1.50E+00
4.20E-02,1.60E+00
4.20E-02,1.70E+00
4.20E-02,1.80E+00
4.20E-02,1.90E+00
4.20E-02,2.00E+00
4.20E-02,2.10E+00
4.20E-02,2.20E+00
4.20E-02,2.30E+00
4.20E-02,2.40E+00
4.20E-02,2.50E+00
4.20E-02,2.60E+00
4.20E-02,2.70E+00
4.20E-02,2.80E+00
4.20E-02,2.90E+00
4.20E-02,3.00E+00
4.20E-02,3.10E+00
4.20E-02,3.20E+00
4.20E-02,3.30E+00
4.20E-02,3.40E+00
4.20E-02,3.50E+00
4.20E-02,3.60E+00
4.20E-02,3.70E+00
4.20E-02,3.80E+00
4.20E-02,3.90E+00
4.20E-02,4.00E+00
4.20E-02,4.10E+00
4.20E-02,4.20E+00
4.20E-02,4.30E+00
4.20E-02,4.40E+00
4.20E-02,4.50E+00
4.20E-02,4.60E+00
4.20E-02,4.70E+00
4.20E-02,4.80E+00
4.20E-02,4.90E+00
4.20E-02,5.00E+00
5.20E-02,1.00E-02
5.20E-02,2.00E-02
5.20E-02,3.00E-02
5.20E-02,4.00E-02
5.20E-02,5.00E-02
5.20E-02,6.00E-02
5.20E-02,7.00E-02
5.20E-02,8.00E-02
5.20E-02,9.00E-02
5.20E-02,1.00E-01
5.20E-02,1.10E-01
5.20E-02,1.20E-01
5.20E-02,1.30E-01
5.20E-02,1.40E-01
5.20E-02,1.00E-01
5.20E-02,2.00E-01
5.20E-02,3.00E-01
5.20E-02,4.00E-01
5.20E-02,5.00E-01
5.20E-02,6.00E-01
5.20E-02,7.00E-01
5.20E-02,8.00E-01
5.20E-02,9.00E-01
5.20E-02,1.00E+00
5.20E-02,1.10E+00
5.20E-02,1.20E+00
5.20E-02,1.30E+00
5.20E-02,1.40E+00
5.20E-02,1.50E+00
5.20E-02,1.60E+00
5.20E-02,1.70E+00
5.20E-02,1.80E+00
5.20E-02,1.90E+00
5.20E-02,2.00E+00
5.20E-02,2.10E+00
5.20E-02,2.20E+00
5.20E-02,2.30E+00
5.20E-02,2.40E+00
5.20E-02,2.50E+00
5.20E-02,2.60E+00
5.20E-02,2.70E+00
5.20E-02,2.80E+00
5.20E-02,2.90E+00
5.20E-02,3.00E+00
5.20E-02,3.10E+00
5.20E-02,3.20E+00
5.20E-02,3.30E+00
5.20E-02,3.40E+00
5.20E-02,3.50E+00
5.20E-02,3.60E+00
5.20E-02,3.70E+00
5.20E-02,3.80E+00
5.20E-02,3.90E+00
5.20E-02,4.00E+00
5.20E-02,4.10E+00
5.20E-02,4.20E+00
5.20E-02,4.30E+00
5.20E-02,4.40E+00
5.20E-02,4.50E+00
5.20E-02,4.60E+00
5.20E-02,4.70E+00
5.20E-02,4.80E+00
5.20E-02,4.90E+00
5.20E-02,5.00E+00
6.20E-02,1.00E-02
6.20E-02,2.00E-02
6.20E-02,3.00E-02
6.20E-02,4.00E-02
6.20E-02,5.00E-02
6.20E-02,6.00E-02
6.20E-02,7.00E-02
6.20E-02,8.00E-02
6.20E-02,9.00E-02
6.20E-02,1.00E-01
6.20E-02,1.10E-01
6.20E-02,1.20E-01
6.20E-02,1.30E-01
6.20E-02,1.40E-01
6.20E-02,1.00E-01
6.20E-02,2.00E-01
6.20E-02,3.00E-01
6.20E-02,4.00E-01
6.20E-02,5.00E-01
6.20E-02,6.00E-01
6.20E-02,7.00E-01
6.20E-02,8.00E-01
6.20E-02,9.00E-01
6.20E-02,1.00E+00
6.20E-02,1.10E+00
6.20E-02,1.20E+00
6.20E-02,1.30E+00
6.20E-02,1.40E+00
6.20E-02,1.50E+00
6.20E-02,1.60E+00
6.20E-02,1.70E+00
6.20E-02,1.80E+00
6.20E-02,1.90E+00
6.20E-02,2.00E+00
6.20E-02,2.10E+00
6.20E-02,2.20E+00
6.20E-02,2.30E+00
6.20E-02,2.40E+00
6.20E-02,2.50E+00
6.20E-02,2.60E+00
6.20E-02,2.70E+00
6.20E-02,2.80E+00
6.20E-02,2.90E+00
6.20E-02,3.00E+00
6.20E-02,3.10E+00
6.20E-02,3.20E+00
6.20E-02,3.30E+00
6.20E-02,3.40E+00
6.20E-02,3.50E+00
6.20E-02,3.60E+00
6.20E-02,3.70E+00
6.20E-02,3.80E+00
6.20E-02,3.90E+00
6.20E-02,4.00E+00
6.20E-02,4.10E+00
6.20E-02,4.20E+00
6.20E-02,4.30E+00
6.20E-02,4.40E+00
6.20E-02,4.50E+00
6.20E-02,4.60E+00
6.20E-02,4.70E+00
6.20E-02,4.80E+00
6.20E-02,4.90E+00
6.20E-02,5.00E+00
7.20E-02,1.00E-02
7.20E-02,2.00E-02
7.20E-02,3.00E-02
7.20E-02,4.00E-02
7.20E-02,5.00E-02
7.20E-02,6.00E-02
7.20E-02,7.00E-02
7.20E-02,8.00E-02
7.20E-02,9.00E-02
7.20E-02,1.00E-01
7.20E-02,1.10E-01
7.20E-02,1.20E-01
7.20E-02,1.30E-01
7.20E-02,1.40E-01
7.20E-02,1.00E-01
7.20E-02,2.00E-01
7.20E-02,3.00E-01
7.20E-02,4.00E-01
7.20E-02,5.00E-01
7.20E-02,6.00E-01
7.20E-02,7.00E-01
7.20E-02,8.00E-01
7.20E-02,9.00E-01
7.20E-02,1.00E+00
7.20E-02,1.10E+00
7.20E-02,1.20E+00
7.20E-02,1.30E+00
7.20E-02,1.40E+00
7.20E-02,1.50E+00
7.20E-02,1.60E+00
7.20E-02,1.70E+00
7.20E-02,1.80E+00
7.20E-02,1.90E+00
7.20E-02,2.00E+00
7.20E-02,2.10E+00
7.20E-02,2.20E+00
7.20E-02,2.30E+00
7.20E-02,2.40E+00
7.20E-02,2.50E+00
7.20E-02,2.60E+00
7.20E-02,2.70E+00
7.20E-02,2.80E+00
7.20E-02,2.90E+00
7.20E-02,3.00E+00
7.20E-02,3.10E+00
7.20E-02,3.20E+00
7.20E-02,3.30E+00
7.20E-02,3.40E+00
7.20E-02,3.50E+00
7.20E-02,3.60E+00
7.20E-02,3.70E+00
7.20E-02,3.80E+00
7.20E-02,3.90E+00
7.20E-02,4.00E+00
7.20E-02,4.10E+00
7.20E-02,4.20E+00
7.20E-02,4.30E+00
7.20E-02,4.40E+00
7.20E-02,4.50E+00
7.20E-02,4.60E+00
7.20E-02,4.70E+00
7.20E-02,4.80E+00
7.20E-02,4.90E+00
7.20E-02,5.00E+00
8.20E-02,1.00E-02
8.20E-02,2.00E-02
8.20E-02,3.00E-02
8.20E-02,4.00E-02
8.20E-02,5.00E-02
8.20E-02,6.00E-02
8.20E-02,7.00E-02
8.20E-02,8.00E-02
8.20E-02,9.00E-02
8.20E-02,1.00E-01
8.20E-02,1.10E-01
8.20E-02,1.20E-01
8.20E-02,1.30E-01
8.20E-02,1.40E-01
8.20E-02,1.00E-01
8.20E-02,2.00E-01
8.20E-02,3.00E-01
8.20E-02,4.00E-01
8.20E-02,5.00E-01
8.20E-02,6.00E-01
8.20E-02,7.00E-01
8.20E-02,8.00E-01
8.20E-02,9.00E-01
8.20E-02,1.00E+00
8.20E-02,1.10E+00
8.20E-02,1.20E+00
8.20E-02,1.30E+00
8.20E-02,1.40E+00
8.20E-02,1.50E+00
8.20E-02,1.60E+00
8.20E-02,1.70E+00
8.20E-02,1.80E+00
8.20E-02,1.90E+00
8.20E-02,2.00E+00
8.20E-02,2.10E+00
8.20E-02,2.20E+00
8.20E-02,2.30E+00
8.20E-02,2.40E+00
8.20E-02,2.50E+00
8.20E-02,2.60E+00
8.20E-02,2.70E+00
8.20E-02,2.80E+00
8.20E-02,2.90E+00
8.20E-02,3.00E+00
8.20E-02,3.10E+00
8.20E-02,3.20E+00
8.20E-02,3.30E+00
8.20E-02,3.40E+00
8.20E-02,3.50E+00
8.20E-02,3.60E+00
8.20E-02,3.70E+00
8.20E-02,3.80E+00
8.20E-02,3.90E+00
8.20E-02,4.00E+00
8.20E-02,4.10E+00
8.20E-02,4.20E+00
8.20E-02,4.30E+00
8.20E-02,4.40E+00
8.20E-02,4.50E+00
8.20E-02,4.60E+00
8.20E-02,4.70E+00
8.20E-02,4.80E+00
8.20E-02,4.90E+00
8.20E-02,5.00E+00
9.20E-02,1.00E-02
9.20E-02,2.00E-02
9.20E-02,3.00E-02
9.20E-02,4.00E-02
9.20E-02,5.00E-02
9.20E-02,6.00E-02
9.20E-02,7.00E-02
9.20E-02,8.00E-02
9.20E-02,9.00E-02
9.20E-02,1.00E-01
9.20E-02,1.10E-01
9.20E-02,1.20E-01
9.20E-02,1.30E-01
9.20E-02,1.40E-01
9.20E-02,1.00E-01
9.20E-02,2.00E-01
9.20E-02,3.00E-01
9.20E-02,4.00E-01
9.20E-02,5.00E-01
9.20E-02,6.00E-01
9.20E-02,7.00E-01
9.20E-02,8.00E-01
9.20E-02,9.00E-01
9.20E-02,1.00E+00
9.20E-02,1.10E+00
9.20E-02,1.20E+00
9.20E-02,1.30E+00
9.20E-02,1.40E+00
9.20E-02,1.50E+00
9.20E-02,1.60E+00
9.20E-02,1.70E+00
9.20E-02,1.80E+00
9.20E-02,1.90E+00
9.20E-02,2.00E+00
9.20E-02,2.10E+00
9.20E-02,2.20E+00
9.20E-02,2.30E+00
9.20E-02,2.40E+00
9.20E-02,2.50E+00
9.20E-02,2.60E+00
9.20E-02,2.70E+00
9.20E-02,2.80E+00
9.20E-02,2.90E+00
9.20E-02,3.00E+00
9.20E-02,3.10E+00
9.20E-02,3.20E+00
9.20E-02,3.30E+00
9.20E-02,3.40E+00
9.20E-02,3.50E+00
9.20E-02,3.60E+00
9.20E-02,3.70E+00
9.20E-02,3.80E+00
9.20E-02,3.90E+00
9.20E-02,4.00E+00
9.20E-02,4.10E+00
9.20E-02,4.20E+00
9.20E-02,4.30E+00
9.20E-02,4.40E+00
9.20E-02,4.50E+00
9.20E-02,4.60E+00
9.20E-02,4.70E+00
9.20E-02,4.80E+00
9.20E-02,4.90E+00
9.20E-02,5.00E+00
1.02E-01,1.00E-02
1.02E-01,2.00E-02
1.02E-01,3.00E-02
1.02E-01,4.00E-02
1.02E-01,5.00E-02
1.02E-01,6.00E-02
1.02E-01,7.00E-02
1.02E-01,8.00E-02
1.02E-01,9.00E-02
1.02E-01,1.00E-01
1.02E-01,1.10E-01
1.02E-01,1.20E-01
1.02E-01,1.30E-01
1.02E-01,1.40E-01
1.02E-01,1.00E-01
1.02E-01,2.00E-01
1.02E-01,3.00E-01
1.02E-01,4.00E-01
1.02E-01,5.00E-01
1.02E-01,6.00E-01
1.02E-01,7.00E-01
1.02E-01,8.00E-01
1.02E-01,9.00E-01
1.02E-01,1.00E+00
1.02E-01,1.10E+00
1.02E-01,1.20E+00
1.02E-01,1.30E+00
1.02E-01,1.40E+00
1.02E-01,1.50E+00
1.02E-01,1.60E+00
1.02E-01,1.70E+00
1.02E-01,1.80E+00
1.02E-01,1.90E+00
1.02E-01,2.00E+00
1.02E-01,2.10E+00
1.02E-01,2.20E+00
1.02E-01,2.30E+00
1.02E-01,2.40E+00
1.02E-01,2.50E+00
1.02E-01,2.60E+00
1.02E-01,2.70E+00
1.02E-01,2.80E+00
1.02E-01,2.90E+00
1.02E-01,3.00E+00
1.02E-01,3.10E+00
1.02E-01,3.20E+00
1.02E-01,3.30E+00
1.02E-01,3.40E+00
1.02E-01,3.50E+00
1.02E-01,3.60E+00
1.02E-01,3.70E+00
1.02E-01,3.80E+00
1.02E-01,3.90E+00
1.02E-01,4.00E+00
1.02E-01,4.10E+00
1.02E-01,4.20E+00
1.02E-01,4.30E+00
1.02E-01,4.40E+00
1.02E-01,4.50E+00
1.02E-01,4.60E+00
1.02E-01,4.70E+00
1.02E-01,4.80E+00
1.02E-01,4.90E+00
1.02E-01,5.00E+00
1.12E-01,1.00E-02
1.12E-01,2.00E-02
1.12E-01,3.00E-02
1.12E-01,4.00E-02
1.12E-01,5.00E-02
1.12E-01,6.00E-02
1.12E-01,7.00E-02
1.12E-01,8.00E-02
1.12E-01,9.00E-02
1.12E-01,1.00E-01
1.12E-01,1.10E-01
1.12E-01,1.20E-01
1.12E-01,1.30E-01
1.12E-01,1.40E-01
1.12E-01,1.00E-01
1.12E-01,2.00E-01
1.12E-01,3.00E-01
1.12E-01,4.00E-01
1.12E-01,5.00E-01
1.12E-01,6.00E-01
1.12E-01,7.00E-01
1.12E-01,8.00E-01
1.12E-01,9.00E-01
1.12E-01,1.00E+00
1.12E-01,1.10E+00
1.12E-01,1.20E+00
1.12E-01,1.30E+00
1.12E-01,1.40E+00
1.12E-01,1.50E+00
1.12E-01,1.60E+00
1.12E-01,1.70E+00
1.12E-01,1.80E+00
1.12E-01,1.90E+00
1.12E-01,2.00E+00
1.12E-01,2.10E+00
1.12E-01,2.20E+00
1.12E-01,2.30E+00
1.12E-01,2.40E+00
1.12E-01,2.50E+00
1.12E-01,2.60E+00
1.12E-01,2.70E+00
1.12E-01,2.80E+00
1.12E-01,2.90E+00
1.12E-01,3.00E+00
1.12E-01,3.10E+00
1.12E-01,3.20E+00
1.12E-01,3.30E+00
1.12E-01,3.40E+00
1.12E-01,3.50E+00
1.12E-01,3.60E+00
1.12E-01,3.70E+00
1.12E-01,3.80E+00
1.12E-01,3.90E+00
1.12E-01,4.00E+00
1.12E-01,4.10E+00
1.12E-01,4.20E+00
1.12E-01,4.30E+00
1.12E-01,4.40E+00
1.12E-01,4.50E+00
1.12E-01,4.60E+00
1.12E-01,4.70E+00
1.12E-01,4.80E+00
1.12E-01,4.90E+00
1.12E-01,5.00E+00
1.22E-01,1.00E-02
1.22E-01,2.00E-02
1.22E-01,3.00E-02
1.22E-01,4.00E-02
1.22E-01,5.00E-02
1.22E-01,6.00E-02
1.22E-01,7.00E-02
1.22E-01,8.00E-02
1.22E-01,9.00E-02
1.22E-01,1.00E-01
1.22E-01,1.10E-01
1.22E-01,1.20E-01
1.22E-01,1.30E-01
1.22E-01,1.40E-01
1.22E-01,1.00E-01
1.22E-01,2.00E-01
1.22E-01,3.00E-01
1.22E-01,4.00E-01
1.22E-01,5.00E-01
1.22E-01,6.00E-01
1.22E-01,7.00E-01
1.22E-01,8.00E-01
1.22E-01,9.00E-01
1.22E-01,1.00E+00
1.22E-01,1.10E+00
1.22E-01,1.20E+00
1.22E-01,1.30E+00
1.22E-01,1.40E+00
1.22E-01,1.50E+00
1.22E-01,1.60E+00
1.22E-01,1.70E+00
1.22E-01,1.80E+00
1.22E-01,1.90E+00
1.22E-01,2.00E+00
1.22E-01,2.10E+00
1.22E-01,2.20E+00
1.22E-01,2.30E+00
1.22E-01,2.40E+00
1.22E-01,2.50E+00
1.22E-01,2.60E+00
1.22E-01,2.70E+00
1.22E-01,2.80E+00
1.22E-01,2.90E+00
1.22E-01,3.00E+00
1.22E-01,3.10E+00
1.22E-01,3.20E+00
1.22E-01,3.30E+00
1.22E-01,3.40E+00
1.22E-01,3.50E+00
1.22E-01,3.60E+00
1.22E-01,3.70E+00
1.22E-01,3.80E+00
1.22E-01,3.90E+00
1.22E-01,4.00E+00
1.22E-01,4.10E+00
1.22E-01,4.20E+00
1.22E-01,4.30E+00
1.22E-01,4.40E+00
1.22E-01,4.50E+00
1.22E-01,4.60E+00
1.22E-01,4.70E+00
1.22E-01,4.80E+00
1.22E-01,4.90E+00
1.22E-01,5.00E+00
1.32E-01,1.00E-02
1.32E-01,2.00E-02
1.32E-01,3.00E-02
1.32E-01,4.00E-02
1.32E-01,5.00E-02
1.32E-01,6.00E-02
1.32E-01,7.00E-02
1.32E-01,8.00E-02
1.32E-01,9.00E-02
1.32E-01,1.00E-01
1.32E-01,1.10E-01
1.32E-01,1.20E-01
1.32E-01,1.30E-01
1.32E-01,1.40E-01
1.32E-01,1.00E-01
1.32E-01,2.00E-01
1.32E-01,3.00E-01
1.32E-01,4.00E-01
1.32E-01,5.00E-01
1.32E-01,6.00E-01
1.32E-01,7.00E-01
1.32E-01,8.00E-01
1.32E-01,9.00E-01
1.32E-01,1.00E+00
1.32E-01,1.10E+00
1.32E-01,1.20E+00
1.32E-01,1.30E+00
1.32E-01,1.40E+00
1.32E-01,1.50E+00
1.32E-01,1.60E+00
1.32E-01,1.70E+00
1.32E-01,1.80E+00
1.32E-01,1.90E+00
1.32E-01,2.00E+00
1.32E-01,2.10E+00
1.32E-01,2.20E+00
1.32E-01,2.30E+00
1.32E-01,2.40E+00
1.32E-01,2.50E+00
1.32E-01,2.60E+00
1.32E-01,2.70E+00
1.32E-01,2.80E+00
1.32E-01,2.90E+00
1.32E-01,3.00E+00
1.32E-01,3.10E+00
1.32E-01,3.20E+00
1.32E-01,3.30E+00
1.32E-01,3.40E+00
1.32E-01,3.50E+00
1.32E-01,3.60E+00
1.32E-01,3.70E+00
1.32E-01,3.80E+00
1.32E-01,3.90E+00
1.32E-01,4.00E+00
1.32E-01,4.10E+00
1.32E-01,4.20E+00
1.32E-01,4.30E+00
1.32E-01,4.40E+00
1.32E-01,4.50E+00
1.32E-01,4.60E+00
1.32E-01,4.70E+00
1.32E-01,4.80E+00
1.32E-01,4.90E+00
1.32E-01,5.00E+00
1.42E-01,1.00E-02
1.42E-01,2.00E-02
1.42E-01,3.00E-02
1.42E-01,4.00E-02
1.42E-01,5.00E-02
1.42E-01,6.00E-02
1.42E-01,7.00E-02
1.42E-01,8.00E-02
1.42E-01,9.00E-02
1.42E-01,1.00E-01
1.42E-01,1.10E-01
1.42E-01,1.20E-01
1.42E-01,1.30E-01
1.42E-01,1.40E-01
1.42E-01,1.00E-01
1.42E-01,2.00E-01
1.42E-01,3.00E-01
1.42E-01,4.00E-01
1.42E-01,5.00E-01
1.42E-01,6.00E-01
1.42E-01,7.00E-01
1.42E-01,8.00E-01
1.42E-01,9.00E-01
1.42E-01,1.00E+00
1.42E-01,1.10E+00
1.42E-01,1.20E+00
1.42E-01,1.30E+00
1.42E-01,1.40E+00
1.42E-01,1.50E+00
1.42E-01,1.60E+00
1.42E-01,1.70E+00
1.42E-01,1.80E+00
1.42E-01,1.90E+00
1.42E-01,2.00E+00
1.42E-01,2.10E+00
1.42E-01,2.20E+00
1.42E-01,2.30E+00
1.42E-01,2.40E+00
1.42E-01,2.50E+00
1.42E-01,2.60E+00
1.42E-01,2.70E+00
1.42E-01,2.80E+00
1.42E-01,2.90E+00
1.42E-01,3.00E+00
1.42E-01,3.10E+00
1.42E-01,3.20E+00
1.42E-01,3.30E+00
1.42E-01,3.40E+00
1.42E-01,3.50E+00
1.42E-01,3.60E+00
1.42E-01,3.70E+00
1.42E-01,3.80E+00
1.42E-01,3.90E+00
1.42E-01,4.00E+00
1.42E-01,4.10E+00
1.42E-01,4.20E+00
1.42E-01,4.30E+00
1.42E-01,4.40E+00
1.42E-01,4.50E+00
1.42E-01,4.60E+00
1.42E-01,4.70E+00
1.42E-01,4.80E+00
1.42E-01,4.90E+00
1.42E-01,5.00E+00
1.52E-01,1.00E-02
1.52E-01,2.00E-02
1.52E-01,3.00E-02
1.52E-01,4.00E-02
1.52E-01,5.00E-02
1.52E-01,6.00E-02
1.52E-01,7.00E-02
1.52E-01,8.00E-02
1.52E-01,9.00E-02
1.52E-01,1.00E-01
1.52E-01,1.10E-01
1.52E-01,1.20E-01
1.52E-01,1.30E-01
1.52E-01,1.40E-01
1.52E-01,1.00E-01
1.52E-01,2.00E-01
1.52E-01,3.00E-01
1.52E-01,4.00E-01
1.52E-01,5.00E-01
1.52E-01,6.00E-01
1.52E-01,7.00E-01
1.52E-01,8.00E-01
1.52E-01,9.00E-01
1.52E-01,1.00E+00
1.52E-01,1.10E+00
1.52E-01,1.20E+00
1.52E-01,1.30E+00
1.52E-01,1.40E+00
1.52E-01,1.50E+00
1.52E-01,1.60E+00
1.52E-01,1.70E+00
1.52E-01,1.80E+00
1.52E-01,1.90E+00
1.52E-01,2.00E+00
1.52E-01,2.10E+00
1.52E-01,2.20E+00
1.52E-01,2.30E+00
1.52E-01,2.40E+00
1.52E-01,2.50E+00
1.52E-01,2.60E+00
1.52E-01,2.70E+00
1.52E-01,2.80E+00
1.52E-01,2.90E+00
1.52E-01,3.00E+00
1.52E-01,3.10E+00
1.52E-01,3.20E+00
1.52E-01,3.30E+00
1.52E-01,3.40E+00
1.52E-01,3.50E+00
1.52E-01,3.60E+00
1.52E-01,3.70E+00
1.52E-01,3.80E+00
1.52E-01,3.90E+00
1.52E-01,4.00E+00
1.52E-01,4.10E+00
1.52E-01,4.20E+00
1.52E-01,4.30E+00
1.52E-01,4.40E+00
1.52E-01,4.50E+00
1.52E-01,4.60E+00
1.52E-01,4.70E+00
1.52E-01,4.80E+00
1.52E-01,4.90E+00
1.52E-01,5.00E+00
2.52E-01,1.00E-02
2.52E-01,2.00E-02
2.52E-01,3.00E-02
2.52E-01,4.00E-02
2.52E-01,5.00E-02
2.52E-01,6.00E-02
2.52E-01,7.00E-02
2.52E-01,8.00E-02
2.52E-01,9.00E-02
2.52E-01,1.00E-01
2.52E-01,1.10E-01
2.52E-01,1.20E-01
2.52E-01,1.30E-01
2.52E-01,1.40E-01
2.52E-01,1.00E-01
2.52E-01,2.00E-01
2.52E-01,3.00E-01
2.52E-01,4.00E-01
2.52E-01,5.00E-01
2.52E-01,6.00E-01
2.52E-01,7.00E-01
2.52E-01,8.00E-01
2.52E-01,9.00E-01
2.52E-01,1.00E+00
2.52E-01,1.10E+00
2.52E-01,1.20E+00
2.52E-01,1.30E+00
2.52E-01,1.40E+00
2.52E-01,1.50E+00
2.52E-01,1.60E+00
2.52E-01,1.70E+00
2.52E-01,1.80E+00
2.52E-01,1.90E+00
2.52E-01,2.00E+00
2.52E-01,2.10E+00
2.52E-01,2.20E+00
2.52E-01,2.30E+00
2.52E-01,2.40E+00
2.52E-01,2.50E+00
2.52E-01,2.60E+00
2.52E-01,2.70E+00
2.52E-01,2.80E+00
2.52E-01,2.90E+00
2.52E-01,3.00E+00
2.52E-01,3.10E+00
2.52E-01,3.20E+00
2.52E-01,3.30E+00
2.52E-01,3.40E+00
2.52E-01,3.50E+00
2.52E-01,3.60E+00
2.52E-01,3.70E+00
2.52E-01,3.80E+00
2.52E-01,3.90E+00
2.52E-01,4.00E+00
2.52E-01,4.10E+00
2.52E-01,4.20E+00
2.52E-01,4.30E+00
2.52E-01,4.40E+00
2.52E-01,4.50E+00
2.52E-01,4.60E+00
2.52E-01,4.70E+00
2.52E-01,4.80E+00
2.52E-01,4.90E+00
2.52E-01,5.00E+00
3.52E-01,1.00E-02
3.52E-01,2.00E-02
3.52E-01,3.00E-02
3.52E-01,4.00E-02
3.52E-01,5.00E-02
3.52E-01,6.00E-02
3.52E-01,7.00E-02
3.52E-01,8.00E-02
3.52E-01,9.00E-02
3.52E-01,1.00E-01
3.52E-01,1.10E-01
3.52E-01,1.20E-01
3.52E-01,1.30E-01
3.52E-01,1.40E-01
3.52E-01,1.00E-01
3.52E-01,2.00E-01
3.52E-01,3.00E-01
3.52E-01,4.00E-01
3.52E-01,5.00E-01
3.52E-01,6.00E-01
3.52E-01,7.00E-01
3.52E-01,8.00E-01
3.52E-01,9.00E-01
3.52E-01,1.00E+00
3.52E-01,1.10E+00
3.52E-01,1.20E+00
3.52E-01,1.30E+00
3.52E-01,1.40E+00
3.52E-01,1.50E+00
3.52E-01,1.60E+00
3.52E-01,1.70E+00
3.52E-01,1.80E+00
3.52E-01,1.90E+00
3.52E-01,2.00E+00
3.52E-01,2.10E+00
3.52E-01,2.20E+00
3.52E-01,2.30E+00
3.52E-01,2.40E+00
3.52E-01,2.50E+00
3.52E-01,2.60E+00
3.52E-01,2.70E+00
3.52E-01,2.80E+00
3.52E-01,2.90E+00
3.52E-01,3.00E+00
3.52E-01,3.10E+00
3.52E-01,3.20E+00
3.52E-01,3.30E+00
3.52E-01,3.40E+00
3.52E-01,3.50E+00
3.52E-01,3.60E+00
3.52E-01,3.70E+00
3.52E-01,3.80E+00
3.52E-01,3.90E+00
3.52E-01,4.00E+00
3.52E-01,4.10E+00
3.52E-01,4.20E+00
3.52E-01,4.30E+00
3.52E-01,4.40E+00
3.52E-01,4.50E+00
3.52E-01,4.60E+00
3.52E-01,4.70E+00
3.52E-01,4.80E+00
3.52E-01,4.90E+00
3.52E-01,5.00E+00
4.52E-01,1.00E-02
4.52E-01,2.00E-02
4.52E-01,3.00E-02
4.52E-01,4.00E-02
4.52E-01,5.00E-02
4.52E-01,6.00E-02
4.52E-01,7.00E-02
4.52E-01,8.00E-02
4.52E-01,9.00E-02
4.52E-01,1.00E-01
4.52E-01,1.10E-01
4.52E-01,1.20E-01
4.52E-01,1.30E-01
4.52E-01,1.40E-01
4.52E-01,1.00E-01
4.52E-01,2.00E-01
4.52E-01,3.00E-01
4.52E-01,4.00E-01
4.52E-01,5.00E-01
4.52E-01,6.00E-01
4.52E-01,7.00E-01
4.52E-01,8.00E-01
4.52E-01,9.00E-01
4.52E-01,1.00E+00
4.52E-01,1.10E+00
4.52E-01,1.20E+00
4.52E-01,1.30E+00
4.52E-01,1.40E+00
4.52E-01,1.50E+00
4.52E-01,1.60E+00
4.52E-01,1.70E+00
4.52E-01,1.80E+00
4.52E-01,1.90E+00
4.52E-01,2.00E+00
4.52E-01,2.10E+00
4.52E-01,2.20E+00
4.52E-01,2.30E+00
4.52E-01,2.40E+00
4.52E-01,2.50E+00
4.52E-01,2.60E+00
4.52E-01,2.70E+00
4.52E-01,2.80E+00
4.52E-01,2.90E+00
4.52E-01,3.00E+00
4.52E-01,3.10E+00
4.52E-01,3.20E+00
4.52E-01,3.30E+00
4.52E-01,3.40E+00
4.52E-01,3.50E+00
4.52E-01,3.60E+00
4.52E-01,3.70E+00
4.52E-01,3.80E+00
4.52E-01,3.90E+00
4.52E-01,4.00E+00
4.52E-01,4.10E+00
4.52E-01,4.20E+00
4.52E-01,4.30E+00
4.52E-01,4.40E+00
4.52E-01,4.50E+00
4.52E-01,4.60E+00
4.52E-01,4.70E+00
4.52E-01,4.80E+00
4.52E-01,4.90E+00
4.52E-01,5.00E+00
5.52E-01,1.00E-02
5.52E-01,2.00E-02
5.52E-01,3.00E-02
5.52E-01,4.00E-02
5.52E-01,5.00E-02
5.52E-01,6.00E-02
5.52E-01,7.00E-02
5.52E-01,8.00E-02
5.52E-01,9.00E-02
5.52E-01,1.00E-01
5.52E-01,1.10E-01
5.52E-01,1.20E-01
5.52E-01,1.30E-01
5.52E-01,1.40E-01
5.52E-01,1.00E-01
5.52E-01,2.00E-01
5.52E-01,3.00E-01
5.52E-01,4.00E-01
5.52E-01,5.00E-01
5.52E-01,6.00E-01
5.52E-01,7.00E-01
5.52E-01,8.00E-01
5.52E-01,9.00E-01
5.52E-01,1.00E+00
5.52E-01,1.10E+00
5.52E-01,1.20E+00
5.52E-01,1.30E+00
5.52E-01,1.40E+00
5.52E-01,1.50E+00
5.52E-01,1.60E+00
5.52E-01,1.70E+00
5.52E-01,1.80E+00
5.52E-01,1.90E+00
5.52E-01,2.00E+00
5.52E-01,2.10E+00
5.52E-01,2.20E+00
5.52E-01,2.30E+00
5.52E-01,2.40E+00
5.52E-01,2.50E+00
5.52E-01,2.60E+00
5.52E-01,2.70E+00
5.52E-01,2.80E+00
5.52E-01,2.90E+00
5.52E-01,3.00E+00
5.52E-01,3.10E+00
5.52E-01,3.20E+00
5.52E-01,3.30E+00
5.52E-01,3.40E+00
5.52E-01,3.50E+00
5.52E-01,3.60E+00
5.52E-01,3.70E+00
5.52E-01,3.80E+00
5.52E-01,3.90E+00
5.52E-01,4.00E+00
5.52E-01,4.10E+00
5.52E-01,4.20E+00
5.52E-01,4.30E+00
5.52E-01,4.40E+00
5.52E-01,4.50E+00
5.52E-01,4.60E+00
5.52E-01,4.70E+00
5.52E-01,4.80E+00
5.52E-01,4.90E+00
5.52E-01,5.00E+00
6.52E-01,1.00E-02
6.52E-01,2.00E-02
6.52E-01,3.00E-02
6.52E-01,4.00E-02
6.52E-01,5.00E-02
6.52E-01,6.00E-02
6.52E-01,7.00E-02
6.52E-01,8.00E-02
6.52E-01,9.00E-02
6.52E-01,1.00E-01
6.52E-01,1.10E-01
6.52E-01,1.20E-01
6.52E-01,1.30E-01
6.52E-01,1.40E-01
6.52E-01,1.00E-01
6.52E-01,2.00E-01
6.52E-01,3.00E-01
6.52E-01,4.00E-01
6.52E-01,5.00E-01
6.52E-01,6.00E-01
6.52E-01,7.00E-01
6.52E-01,8.00E-01
6.52E-01,9.00E-01
6.52E-01,1.00E+00
6.52E-01,1.10E+00
6.52E-01,1.20E+00
6.52E-01,1.30E+00
6.52E-01,1.40E+00
6.52E-01,1.50E+00
6.52E-01,1.60E+00
6.52E-01,1.70E+00
6.52E-01,1.80E+00
6.52E-01,1.90E+00
6.52E-01,2.00E+00
6.52E-01,2.10E+00
6.52E-01,2.20E+00
6.52E-01,2.30E+00
6.52E-01,2.40E+00
6.52E-01,2.50E+00
6.52E-01,2.60E+00
6.52E-01,2.70E+00
6.52E-01,2.80E+00
6.52E-01,2.90E+00
6.52E-01,3.00E+00
6.52E-01,3.10E+00
6.52E-01,3.20E+00
6.52E-01,3.30E+00
6.52E-01,3.40E+00
6.52E-01,3.50E+00
6.52E-01,3.60E+00
6.52E-01,3.70E+00
6.52E-01,3.80E+00
6.52E-01,3.90E+00
6.52E-01,4.00E+00
6.52E-01,4.10E+00
6.52E-01,4.20E+00
6.52E-01,4.30E+00
6.52E-01,4.40E+00
6.52E-01,4.50E+00
6.52E-01,4.60E+00
6.52E-01,4.70E+00
6.52E-01,4.80E+00
6.52E-01,4.90E+00
6.52E-01,5.00E+00
7.52E-01,1.00E-02
7.52E-01,2.00E-02
7.52E-01,3.00E-02
7.52E-01,4.00E-02
7.52E-01,5.00E-02
7.52E-01,6.00E-02
7.52E-01,7.00E-02
7.52E-01,8.00E-02
7.52E-01,9.00E-02
7.52E-01,1.00E-01
7.52E-01,1.10E-01
7.52E-01,1.20E-01
7.52E-01,1.30E-01
7.52E-01,1.40E-01
7.52E-01,1.00E-01
7.52E-01,2.00E-01
7.52E-01,3.00E-01
7.52E-01,4.00E-01
7.52E-01,5.00E-01
7.52E-01,6.00E-01
7.52E-01,7.00E-01
7.52E-01,8.00E-01
7.52E-01,9.00E-01
7.52E-01,1.00E+00
7.52E-01,1.10E+00
7.52E-01,1.20E+00
7.52E-01,1.30E+00
7.52E-01,1.40E+00
7.52E-01,1.50E+00
7.52E-01,1.60E+00
7.52E-01,1.70E+00
7.52E-01,1.80E+00
7.52E-01,1.90E+00
7.52E-01,2.00E+00
7.52E-01,2.10E+00
7.52E-01,2.20E+00
7.52E-01,2.30E+00
7.52E-01,2.40E+00
7.52E-01,2.50E+00
7.52E-01,2.60E+00
7.52E-01,2.70E+00
7.52E-01,2.80E+00
7.52E-01,2.90E+00
7.52E-01,3.00E+00
7.52E-01,3.10E+00
7.52E-01,3.20E+00
7.52E-01,3.30E+00
7.52E-01,3.40E+00
7.52E-01,3.50E+00
7.52E-01,3.60E+00
7.52E-01,3.70E+00
7.52E-01,3.80E+00
7.52E-01,3.90E+00
7.52E-01,4.00E+00
7.52E-01,4.10E+00
7.52E-01,4.20E+00
7.52E-01,4.30E+00
7.52E-01,4.40E+00
7.52E-01,4.50E+00
7.52E-01,4.60E+00
7.52E-01,4.70E+00
7.52E-01,4.80E+00
7.52E-01,4.90E+00
7.52E-01,5.00E+00
8.52E-01,1.00E-02
8.52E-01,2.00E-02
8.52E-01,3.00E-02
8.52E-01,4.00E-02
8.52E-01,5.00E-02
8.52E-01,6.00E-02
8.52E-01,7.00E-02
8.52E-01,8.00E-02
8.52E-01,9.00E-02
8.52E-01,1.00E-01
8.52E-01,1.10E-01
8.52E-01,1.20E-01
8.52E-01,1.30E-01
8.52E-01,1.40E-01
8.52E-01,1.00E-01
8.52E-01,2.00E-01
8.52E-01,3.00E-01
8.52E-01,4.00E-01
8.52E-01,5.00E-01
8.52E-01,6.00E-01
8.52E-01,7.00E-01
8.52E-01,8.00E-01
8.52E-01,9.00E-01
8.52E-01,1.00E+00
8.52E-01,1.10E+00
8.52E-01,1.20E+00
8.52E-01,1.30E+00
8.52E-01,1.40E+00
8.52E-01,1.50E+00
8.52E-01,1.60E+00
8.52E-01,1.70E+00
8.52E-01,1.80E+00
8.52E-01,1.90E+00
8.52E-01,2.00E+00
8.52E-01,2.10E+00
8.52E-01,2.20E+00
8.52E-01,2.30E+00
8.52E-01,2.40E+00
8.52E-01,2.50E+00
8.52E-01,2.60E+00
8.52E-01,2.70E+00
8.52E-01,2.80E+00
8.52E-01,2.90E+00
8.52E-01,3.00E+00
8.52E-01,3.10E+00
8.52E-01,3.20E+00
8.52E-01,3.30E+00
8.52E-01,3.40E+00
8.52E-01,3.50E+00
8.52E-01,3.60E+00
8.52E-01,3.70E+00
8.52E-01,3.80E+00
8.52E-01,3.90E+00
8.52E-01,4.00E+00
8.52E-01,4.10E+00
8.52E-01,4.20E+00
8.52E-01,4.30E+00
8.52E-01,4.40E+00
8.52E-01,4.50E+00
8.52E-01,4.60E+00
8.52E-01,4.70E+00
8.52E-01,4.80E+00
8.52E-01,4.90E+00
8.52E-01,5.00E+00
9.52E-01,1.00E-02
9.52E-01,2.00E-02
9.52E-01,3.00E-02
9.52E-01,4.00E-02
9.52E-01,5.00E-02
9.52E-01,6.00E-02
9.52E-01,7.00E-02
9.52E-01,8.00E-02
9.52E-01,9.00E-02
9.52E-01,1.00E-01
9.52E-01,1.10E-01
9.52E-01,1.20E-01
9.52E-01,1.30E-01
9.52E-01,1.40E-01
9.52E-01,1.00E-01
9.52E-01,2.00E-01
9.52E-01,3.00E-01
9.52E-01,4.00E-01
9.52E-01,5.00E-01
9.52E-01,6.00E-01
9.52E-01,7.00E-01
9.52E-01,8.00E-01
9.52E-01,9.00E-01
9.52E-01,1.00E+00
9.52E-01,1.10E+00
9.52E-01,1.20E+00
9.52E-01,1.30E+00
9.52E-01,1.40E+00
9.52E-01,1.50E+00
9.52E-01,1.60E+00
9.52E-01,1.70E+00
9.52E-01,1.80E+00
9.52E-01,1.90E+00
9.52E-01,2.00E+00
9.52E-01,2.10E+00
9.52E-01,2.20E+00
9.52E-01,2.30E+00
9.52E-01,2.40E+00
9.52E-01,2.50E+00
9.52E-01,2.60E+00
9.52E-01,2.70E+00
9.52E-01,2.80E+00
9.52E-01,2.90E+00
9.52E-01,3.00E+00
9.52E-01,3.10E+00
9.52E-01,3.20E+00
9.52E-01,3.30E+00
9.52E-01,3.40E+00
9.52E-01,3.50E+00
9.52E-01,3.60E+00
9.52E-01,3.70E+00
9.52E-01,3.80E+00
9.52E-01,3.90E+00
9.52E-01,4.00E+00
9.52E-01,4.10E+00
9.52E-01,4.20E+00
9.52E-01,4.30E+00
9.52E-01,4.40E+00
9.52E-01,4.50E+00
9.52E-01,4.60E+00
9.52E-01,4.70E+00
9.52E-01,4.80E+00
9.52E-01,4.90E+00
9.52E-01,5.00E+00
1.05E+00,1.00E-02
1.05E+00,2.00E-02
1.05E+00,3.00E-02
1.05E+00,4.00E-02
1.05E+00,5.00E-02
1.05E+00,6.00E-02
1.05E+00,7.00E-02
1.05E+00,8.00E-02
1.05E+00,9.00E-02
1.05E+00,1.00E-01
1.05E+00,1.10E-01
1.05E+00,1.20E-01
1.05E+00,1.30E-01
1.05E+00,1.40E-01
1.05E+00,1.00E-01
1.05E+00,2.00E-01
1.05E+00,3.00E-01
1.05E+00,4.00E-01
1.05E+00,5.00E-01
1.05E+00,6.00E-01
1.05E+00,7.00E-01
1.05E+00,8.00E-01
1.05E+00,9.00E-01
1.05E+00,1.00E+00
1.05E+00,1.10E+00
1.05E+00,1.20E+00
1.05E+00,1.30E+00
1.05E+00,1.40E+00
1.05E+00,1.50E+00
1.05E+00,1.60E+00
1.05E+00,1.70E+00
1.05E+00,1.80E+00
1.05E+00,1.90E+00
1.05E+00,2.00E+00
1.05E+00,2.10E+00
1.05E+00,2.20E+00
1.05E+00,2.30E+00
1.05E+00,2.40E+00
1.05E+00,2.50E+00
1.05E+00,2.60E+00
1.05E+00,2.70E+00
1.05E+00,2.80E+00
1.05E+00,2.90E+00
1.05E+00,3.00E+00
1.05E+00,3.10E+00
1.05E+00,3.20E+00
1.05E+00,3.30E+00
1.05E+00,3.40E+00
1.05E+00,3.50E+00
1.05E+00,3.60E+00
1.05E+00,3.70E+00
1.05E+00,3.80E+00
1.05E+00,3.90E+00
1.05E+00,4.00E+00
1.05E+00,4.10E+00
1.05E+00,4.20E+00
1.05E+00,4.30E+00
1.05E+00,4.40E+00
1.05E+00,4.50E+00
1.05E+00,4.60E+00
1.05E+00,4.70E+00
1.05E+00,4.80E+00
1.05E+00,4.90E+00
1.05E+00,5.00E+00
1.15E+00,1.00E-02
1.15E+00,2.00E-02
1.15E+00,3.00E-02
1.15E+00,4.00E-02
1.15E+00,5.00E-02
1.15E+00,6.00E-02
1.15E+00,7.00E-02
1.15E+00,8.00E-02
1.15E+00,9.00E-02
1.15E+00,1.00E-01
1.15E+00,1.10E-01
1.15E+00,1.20E-01
1.15E+00,1.30E-01
1.15E+00,1.40E-01
1.15E+00,1.00E-01
1.15E+00,2.00E-01
1.15E+00,3.00E-01
1.15E+00,4.00E-01
1.15E+00,5.00E-01
1.15E+00,6.00E-01
1.15E+00,7.00E-01
1.15E+00,8.00E-01
1.15E+00,9.00E-01
1.15E+00,1.00E+00
1.15E+00,1.10E+00
1.15E+00,1.20E+00
1.15E+00,1.30E+00
1.15E+00,1.40E+00
1.15E+00,1.50E+00
1.15E+00,1.60E+00
1.15E+00,1.70E+00
1.15E+00,1.80E+00
1.15E+00,1.90E+00
1.15E+00,2.00E+00
1.15E+00,2.10E+00
1.15E+00,2.20E+00
1.15E+00,2.30E+00
1.15E+00,2.40E+00
1.15E+00,2.50E+00
1.15E+00,2.60E+00
1.15E+00,2.70E+00
1.15E+00,2.80E+00
1.15E+00,2.90E+00
1.15E+00,3.00E+00
1.15E+00,3.10E+00
1.15E+00,3.20E+00
1.15E+00,3.30E+00
1.15E+00,3.40E+00
1.15E+00,3.50E+00
1.15E+00,3.60E+00
1.15E+00,3.70E+00
1.15E+00,3.80E+00
1.15E+00,3.90E+00
1.15E+00,4.00E+00
1.15E+00,4.10E+00
1.15E+00,4.20E+00
1.15E+00,4.30E+00
1.15E+00,4.40E+00
1.15E+00,4.50E+00
1.15E+00,4.60E+00
1.15E+00,4.70E+00
1.15E+00,4.80E+00
1.15E+00,4.90E+00
1.15E+00,5.00E+00
1.25E+00,1.00E-02
1.25E+00,2.00E-02
1.25E+00,3.00E-02
1.25E+00,4.00E-02
1.25E+00,5.00E-02
1.25E+00,6.00E-02
1.25E+00,7.00E-02
1.25E+00,8.00E-02
1.25E+00,9.00E-02
1.25E+00,1.00E-01
1.25E+00,1.10E-01
1.25E+00,1.20E-01
1.25E+00,1.30E-01
1.25E+00,1.40E-01
1.25E+00,1.00E-01
1.25E+00,2.00E-01
1.25E+00,3.00E-01
1.25E+00,4.00E-01
1.25E+00,5.00E-01
1.25E+00,6.00E-01
1.25E+00,7.00E-01
1.25E+00,8.00E-01
1.25E+00,9.00E-01
1.25E+00,1.00E+00
1.25E+00,1.10E+00
1.25E+00,1.20E+00
1.25E+00,1.30E+00
1.25E+00,1.40E+00
1.25E+00,1.50E+00
1.25E+00,1.60E+00
1.25E+00,1.70E+00
1.25E+00,1.80E+00
1.25E+00,1.90E+00
1.25E+00,2.00E+00
1.25E+00,2.10E+00
1.25E+00,2.20E+00
1.25E+00,2.30E+00
1.25E+00,2.40E+00
1.25E+00,2.50E+00
1.25E+00,2.60E+00
1.25E+00,2.70E+00
1.25E+00,2.80E+00
1.25E+00,2.90E+00
1.25E+00,3.00E+00
1.25E+00,3.10E+00
1.25E+00,3.20E+00
1.25E+00,3.30E+00
1.25E+00,3.40E+00
1.25E+00,3.50E+00
1.25E+00,3.60E+00
1.25E+00,3.70E+00
1.25E+00,3.80E+00
1.25E+00,3.90E+00
1.25E+00,4.00E+00
1.25E+00,4.10E+00
1.25E+00,4.20E+00
1.25E+00,4.30E+00
1.25E+00,4.40E+00
1.25E+00,4.50E+00
1.25E+00,4.60E+00
1.25E+00,4.70E+00
1.25E+00,4.80E+00
1.25E+00,4.90E+00
1.25E+00,5.00E+00
1.35E+00,1.00E-02
1.35E+00,2.00E-02
1.35E+00,3.00E-02
1.35E+00,4.00E-02
1.35E+00,5.00E-02
1.35E+00,6.00E-02
1.35E+00,7.00E-02
1.35E+00,8.00E-02
1.35E+00,9.00E-02
1.35E+00,1.00E-01
1.35E+00,1.10E-01
1.35E+00,1.20E-01
1.35E+00,1.30E-01
1.35E+00,1.40E-01
1.35E+00,1.00E-01
1.35E+00,2.00E-01
1.35E+00,3.00E-01
1.35E+00,4.00E-01
1.35E+00,5.00E-01
1.35E+00,6.00E-01
1.35E+00,7.00E-01
1.35E+00,8.00E-01
1.35E+00,9.00E-01
1.35E+00,1.00E+00
1.35E+00,1.10E+00
1.35E+00,1.20E+00
1.35E+00,1.30E+00
1.35E+00,1.40E+00
1.35E+00,1.50E+00
1.35E+00,1.60E+00
1.35E+00,1.70E+00
1.35E+00,1.80E+00
1.35E+00,1.90E+00
1.35E+00,2.00E+00
1.35E+00,2.10E+00
1.35E+00,2.20E+00
1.35E+00,2.30E+00
1.35E+00,2.40E+00
1.35E+00,2.50E+00
1.35E+00,2.60E+00
1.35E+00,2.70E+00
1.35E+00,2.80E+00
1.35E+00,2.90E+00
1.35E+00,3.00E+00
1.35E+00,3.10E+00
1.35E+00,3.20E+00
1.35E+00,3.30E+00
1.35E+00,3.40E+00
1.35E+00,3.50E+00
1.35E+00,3.60E+00
1.35E+00,3.70E+00
1.35E+00,3.80E+00
1.35E+00,3.90E+00
1.35E+00,4.00E+00
1.35E+00,4.10E+00
1.35E+00,4.20E+00
1.35E+00,4.30E+00
1.35E+00,4.40E+00
1.35E+00,4.50E+00
1.35E+00,4.60E+00
1.35E+00,4.70E+00
1.35E+00,4.80E+00
1.35E+00,4.90E+00
1.35E+00,5.00E+00
1.45E+00,1.00E-02
1.45E+00,2.00E-02
1.45E+00,3.00E-02
1.45E+00,4.00E-02
1.45E+00,5.00E-02
1.45E+00,6.00E-02
1.45E+00,7.00E-02
1.45E+00,8.00E-02
1.45E+00,9.00E-02
1.45E+00,1.00E-01
1.45E+00,1.10E-01
1.45E+00,1.20E-01
1.45E+00,1.30E-01
1.45E+00,1.40E-01
1.45E+00,1.00E-01
1.45E+00,2.00E-01
1.45E+00,3.00E-01
1.45E+00,4.00E-01
1.45E+00,5.00E-01
1.45E+00,6.00E-01
1.45E+00,7.00E-01
1.45E+00,8.00E-01
1.45E+00,9.00E-01
1.45E+00,1.00E+00
1.45E+00,1.10E+00
1.45E+00,1.20E+00
1.45E+00,1.30E+00
1.45E+00,1.40E+00
1.45E+00,1.50E+00
1.45E+00,1.60E+00
1.45E+00,1.70E+00
1.45E+00,1.80E+00
1.45E+00,1.90E+00
1.45E+00,2.00E+00
1.45E+00,2.10E+00
1.45E+00,2.20E+00
1.45E+00,2.30E+00
1.45E+00,2.40E+00
1.45E+00,2.50E+00
1.45E+00,2.60E+00
1.45E+00,2.70E+00
1.45E+00,2.80E+00
1.45E+00,2.90E+00
1.45E+00,3.00E+00
1.45E+00,3.10E+00
1.45E+00,3.20E+00
1.45E+00,3.30E+00
1.45E+00,3.40E+00
1.45E+00,3.50E+00
1.45E+00,3.60E+00
1.45E+00,3.70E+00
1.45E+00,3.80E+00
1.45E+00,3.90E+00
1.45E+00,4.00E+00
1.45E+00,4.10E+00
1.45E+00,4.20E+00
1.45E+00,4.30E+00
1.45E+00,4.40E+00
1.45E+00,4.50E+00
1.45E+00,4.60E+00
1.45E+00,4.70E+00
1.45E+00,4.80E+00
1.45E+00,4.90E+00
1.45E+00,5.00E+00
1.55E+00,1.00E-02
1.55E+00,2.00E-02
1.55E+00,3.00E-02
1.55E+00,4.00E-02
1.55E+00,5.00E-02
1.55E+00,6.00E-02
1.55E+00,7.00E-02
1.55E+00,8.00E-02
1.55E+00,9.00E-02
1.55E+00,1.00E-01
1.55E+00,1.10E-01
1.55E+00,1.20E-01
1.55E+00,1.30E-01
1.55E+00,1.40E-01
1.55E+00,1.00E-01
1.55E+00,2.00E-01
1.55E+00,3.00E-01
1.55E+00,4.00E-01
1.55E+00,5.00E-01
1.55E+00,6.00E-01
1.55E+00,7.00E-01
1.55E+00,8.00E-01
1.55E+00,9.00E-01
1.55E+00,1.00E+00
1.55E+00,1.10E+00
1.55E+00,1.20E+00
1.55E+00,1.30E+00
1.55E+00,1.40E+00
1.55E+00,1.50E+00
1.55E+00,1.60E+00
1.55E+00,1.70E+00
1.55E+00,1.80E+00
1.55E+00,1.90E+00
1.55E+00,2.00E+00
1.55E+00,2.10E+00
1.55E+00,2.20E+00
1.55E+00,2.30E+00
1.55E+00,2.40E+00
1.55E+00,2.50E+00
1.55E+00,2.60E+00
1.55E+00,2.70E+00
1.55E+00,2.80E+00
1.55E+00,2.90E+00
1.55E+00,3.00E+00
1.55E+00,3.10E+00
1.55E+00,3.20E+00
1.55E+00,3.30E+00
1.55E+00,3.40E+00
1.55E+00,3.50E+00
1.55E+00,3.60E+00
1.55E+00,3.70E+00
1.55E+00,3.80E+00
1.55E+00,3.90E+00
1.55E+00,4.00E+00
1.55E+00,4.10E+00
1.55E+00,4.20E+00
1.55E+00,4.30E+00
1.55E+00,4.40E+00
1.55E+00,4.50E+00
1.55E+00,4.60E+00
1.55E+00,4.70E+00
1.55E+00,4.80E+00
1.55E+00,4.90E+00
1.55E+00,5.00E+00
1.65E+00,1.00E-02
1.65E+00,2.00E-02
1.65E+00,3.00E-02
1.65E+00,4.00E-02
1.65E+00,5.00E-02
1.65E+00,6.00E-02
1.65E+00,7.00E-02
1.65E+00,8.00E-02
1.65E+00,9.00E-02
1.65E+00,1.00E-01
1.65E+00,1.10E-01
1.65E+00,1.20E-01
1.65E+00,1.30E-01
1.65E+00,1.40E-01
1.65E+00,1.00E-01
1.65E+00,2.00E-01
1.65E+00,3.00E-01
1.65E+00,4.00E-01
1.65E+00,5.00E-01
1.65E+00,6.00E-01
1.65E+00,7.00E-01
1.65E+00,8.00E-01
1.65E+00,9.00E-01
1.65E+00,1.00E+00
1.65E+00,1.10E+00
1.65E+00,1.20E+00
1.65E+00,1.30E+00
1.65E+00,1.40E+00
1.65E+00,1.50E+00
1.65E+00,1.60E+00
1.65E+00,1.70E+00
1.65E+00,1.80E+00
1.65E+00,1.90E+00
1.65E+00,2.00E+00
1.65E+00,2.10E+00
1.65E+00,2.20E+00
1.65E+00,2.30E+00
1.65E+00,2.40E+00
1.65E+00,2.50E+00
1.65E+00,2.60E+00
1.65E+00,2.70E+00
1.65E+00,2.80E+00
1.65E+00,2.90E+00
1.65E+00,3.00E+00
1.65E+00,3.10E+00
1.65E+00,3.20E+00
1.65E+00,3.30E+00
1.65E+00,3.40E+00
1.65E+00,3.50E+00
1.65E+00,3.60E+00
1.65E+00,3.70E+00
1.65E+00,3.80E+00
1.65E+00,3.90E+00
1.65E+00,4.00E+00
1.65E+00,4.10E+00
1.65E+00,4.20E+00
1.65E+00,4.30E+00
1.65E+00,4.40E+00
1.65E+00,4.50E+00
1.65E+00,4.60E+00
1.65E+00,4.70E+00
1.65E+00,4.80E+00
1.65E+00,4.90E+00
1.65E+00,5.00E+00
1.75E+00,1.00E-02
1.75E+00,2.00E-02
1.75E+00,3.00E-02
1.75E+00,4.00E-02
1.75E+00,5.00E-02
1.75E+00,6.00E-02
1.75E+00,7.00E-02
1.75E+00,8.00E-02
1.75E+00,9.00E-02
1.75E+00,1.00E-01
1.75E+00,1.10E-01
1.75E+00,1.20E-01
1.75E+00,1.30E-01
1.75E+00,1.40E-01
1.75E+00,1.00E-01
1.75E+00,2.00E-01
1.75E+00,3.00E-01
1.75E+00,4.00E-01
1.75E+00,5.00E-01
1.75E+00,6.00E-01
1.75E+00,7.00E-01
1.75E+00,8.00E-01
1.75E+00,9.00E-01
1.75E+00,1.00E+00
1.75E+00,1.10E+00
1.75E+00,1.20E+00
1.75E+00,1.30E+00
1.75E+00,1.40E+00
1.75E+00,1.50E+00
1.75E+00,1.60E+00
1.75E+00,1.70E+00
1.75E+00,1.80E+00
1.75E+00,1.90E+00
1.75E+00,2.00E+00
1.75E+00,2.10E+00
1.75E+00,2.20E+00
1.75E+00,2.30E+00
1.75E+00,2.40E+00
1.75E+00,2.50E+00
1.75E+00,2.60E+00
1.75E+00,2.70E+00
1.75E+00,2.80E+00
1.75E+00,2.90E+00
1.75E+00,3.00E+00
1.75E+00,3.10E+00
1.75E+00,3.20E+00
1.75E+00,3.30E+00
1.75E+00,3.40E+00
1.75E+00,3.50E+00
1.75E+00,3.60E+00
1.75E+00,3.70E+00
1.75E+00,3.80E+00
1.75E+00,3.90E+00
1.75E+00,4.00E+00
1.75E+00,4.10E+00
1.75E+00,4.20E+00
1.75E+00,4.30E+00
1.75E+00,4.40E+00
1.75E+00,4.50E+00
1.75E+00,4.60E+00
1.75E+00,4.70E+00
1.75E+00,4.80E+00
1.75E+00,4.90E+00
1.75E+00,5.00E+00
1.85E+00,1.00E-02
1.85E+00,2.00E-02
1.85E+00,3.00E-02
1.85E+00,4.00E-02
1.85E+00,5.00E-02
1.85E+00,6.00E-02
1.85E+00,7.00E-02
1.85E+00,8.00E-02
1.85E+00,9.00E-02
1.85E+00,1.00E-01
1.85E+00,1.10E-01
1.85E+00,1.20E-01
1.85E+00,1.30E-01
1.85E+00,1.40E-01
1.85E+00,1.00E-01
1.85E+00,2.00E-01
1.85E+00,3.00E-01
1.85E+00,4.00E-01
1.85E+00,5.00E-01
1.85E+00,6.00E-01
1.85E+00,7.00E-01
1.85E+00,8.00E-01
1.85E+00,9.00E-01
1.85E+00,1.00E+00
1.85E+00,1.10E+00
1.85E+00,1.20E+00
1.85E+00,1.30E+00
1.85E+00,1.40E+00
1.85E+00,1.50E+00
1.85E+00,1.60E+00
1.85E+00,1.70E+00
1.85E+00,1.80E+00
1.85E+00,1.90E+00
1.85E+00,2.00E+00
1.85E+00,2.10E+00
1.85E+00,2.20E+00
1.85E+00,2.30E+00
1.85E+00,2.40E+00
1.85E+00,2.50E+00
1.85E+00,2.60E+00
1.85E+00,2.70E+00
1.85E+00,2.80E+00
1.85E+00,2.90E+00
1.85E+00,3.00E+00
1.85E+00,3.10E+00
1.85E+00,3.20E+00
1.85E+00,3.30E+00
1.85E+00,3.40E+00
1.85E+00,3.50E+00
1.85E+00,3.60E+00
1.85E+00,3.70E+00
1.85E+00,3.80E+00
1.85E+00,3.90E+00
1.85E+00,4.00E+00
1.85E+00,4.10E+00
1.85E+00,4.20E+00
1.85E+00,4.30E+00
1.85E+00,4.40E+00
1.85E+00,4.50E+00
1.85E+00,4.60E+00
1.85E+00,4.70E+00
1.85E+00,4.80E+00
1.85E+00,4.90E+00
1.85E+00,5.00E+00
1.95E+00,1.00E-02
1.95E+00,2.00E-02
1.95E+00,3.00E-02
1.95E+00,4.00E-02
1.95E+00,5.00E-02
1.95E+00,6.00E-02
1.95E+00,7.00E-02
1.95E+00,8.00E-02
1.95E+00,9.00E-02
1.95E+00,1.00E-01
1.95E+00,1.10E-01
1.95E+00,1.20E-01
1.95E+00,1.30E-01
1.95E+00,1.40E-01
1.95E+00,1.00E-01
1.95E+00,2.00E-01
1.95E+00,3.00E-01
1.95E+00,4.00E-01
1.95E+00,5.00E-01
1.95E+00,6.00E-01
1.95E+00,7.00E-01
1.95E+00,8.00E-01
1.95E+00,9.00E-01
1.95E+00,1.00E+00
1.95E+00,1.10E+00
1.95E+00,1.20E+00
1.95E+00,1.30E+00
1.95E+00,1.40E+00
1.95E+00,1.50E+00
1.95E+00,1.60E+00
1.95E+00,1.70E+00
1.95E+00,1.80E+00
1.95E+00,1.90E+00
1.95E+00,2.00E+00
1.95E+00,2.10E+00
1.95E+00,2.20E+00
1.95E+00,2.30E+00
1.95E+00,2.40E+00
1.95E+00,2.50E+00
1.95E+00,2.60E+00
1.95E+00,2.70E+00
1.95E+00,2.80E+00
1.95E+00,2.90E+00
1.95E+00,3.00E+00
1.95E+00,3.10E+00
1.95E+00,3.20E+00
1.95E+00,3.30E+00
1.95E+00,3.40E+00
1.95E+00,3.50E+00
1.95E+00,3.60E+00
1.95E+00,3.70E+00
1.95E+00,3.80E+00
1.95E+00,3.90E+00
1.95E+00,4.00E+00
1.95E+00,4.10E+00
1.95E+00,4.20E+00
1.95E+00,4.30E+00
1.95E+00,4.40E+00
1.95E+00,4.50E+00
1.95E+00,4.60E+00
1.95E+00,4.70E+00
1.95E+00,4.80E+00
1.95E+00,4.90E+00
1.95E+00,5.00E+00
2.05E+00,1.00E-02
2.05E+00,2.00E-02
2.05E+00,3.00E-02
2.05E+00,4.00E-02
2.05E+00,5.00E-02
2.05E+00,6.00E-02
2.05E+00,7.00E-02
2.05E+00,8.00E-02
2.05E+00,9.00E-02
2.05E+00,1.00E-01
2.05E+00,1.10E-01
2.05E+00,1.20E-01
2.05E+00,1.30E-01
2.05E+00,1.40E-01
2.05E+00,1.00E-01
2.05E+00,2.00E-01
2.05E+00,3.00E-01
2.05E+00,4.00E-01
2.05E+00,5.00E-01
2.05E+00,6.00E-01
2.05E+00,7.00E-01
2.05E+00,8.00E-01
2.05E+00,9.00E-01
2.05E+00,1.00E+00
2.05E+00,1.10E+00
2.05E+00,1.20E+00
2.05E+00,1.30E+00
2.05E+00,1.40E+00
2.05E+00,1.50E+00
2.05E+00,1.60E+00
2.05E+00,1.70E+00
2.05E+00,1.80E+00
2.05E+00,1.90E+00
2.05E+00,2.00E+00
2.05E+00,2.10E+00
2.05E+00,2.20E+00
2.05E+00,2.30E+00
2.05E+00,2.40E+00
2.05E+00,2.50E+00
2.05E+00,2.60E+00
2.05E+00,2.70E+00
2.05E+00,2.80E+00
2.05E+00,2.90E+00
2.05E+00,3.00E+00
2.05E+00,3.10E+00
2.05E+00,3.20E+00
2.05E+00,3.30E+00
2.05E+00,3.40E+00
2.05E+00,3.50E+00
2.05E+00,3.60E+00
2.05E+00,3.70E+00
2.05E+00,3.80E+00
2.05E+00,3.90E+00
2.05E+00,4.00E+00
2.05E+00,4.10E+00
2.05E+00,4.20E+00
2.05E+00,4.30E+00
2.05E+00,4.40E+00
2.05E+00,4.50E+00
2.05E+00,4.60E+00
2.05E+00,4.70E+00
2.05E+00,4.80E+00
2.05E+00,4.90E+00
2.05E+00,5.00E+00
2.15E+00,1.00E-02
2.15E+00,2.00E-02
2.15E+00,3.00E-02
2.15E+00,4.00E-02
2.15E+00,5.00E-02
2.15E+00,6.00E-02
2.15E+00,7.00E-02
2.15E+00,8.00E-02
2.15E+00,9.00E-02
2.15E+00,1.00E-01
2.15E+00,1.10E-01
2.15E+00,1.20E-01
2.15E+00,1.30E-01
2.15E+00,1.40E-01
2.15E+00,1.00E-01
2.15E+00,2.00E-01
2.15E+00,3.00E-01
2.15E+00,4.00E-01
2.15E+00,5.00E-01
2.15E+00,6.00E-01
2.15E+00,7.00E-01
2.15E+00,8.00E-01
2.15E+00,9.00E-01
2.15E+00,1.00E+00
2.15E+00,1.10E+00
2.15E+00,1.20E+00
2.15E+00,1.30E+00
2.15E+00,1.40E+00
2.15E+00,1.50E+00
2.15E+00,1.60E+00
2.15E+00,1.70E+00
2.15E+00,1.80E+00
2.15E+00,1.90E+00
2.15E+00,2.00E+00
2.15E+00,2.10E+00
2.15E+00,2.20E+00
2.15E+00,2.30E+00
2.15E+00,2.40E+00
2.15E+00,2.50E+00
2.15E+00,2.60E+00
2.15E+00,2.70E+00
2.15E+00,2.80E+00
2.15E+00,2.90E+00
2.15E+00,3.00E+00
2.15E+00,3.10E+00
2.15E+00,3.20E+00
2.15E+00,3.30E+00
2.15E+00,3.40E+00
2.15E+00,3.50E+00
2.15E+00,3.60E+00
2.15E+00,3.70E+00
2.15E+00,3.80E+00
2.15E+00,3.90E+00
2.15E+00,4.00E+00
2.15E+00,4.10E+00
2.15E+00,4.20E+00
2.15E+00,4.30E+00
2.15E+00,4.40E+00
2.15E+00,4.50E+00
2.15E+00,4.60E+00
2.15E+00,4.70E+00
2.15E+00,4.80E+00
2.15E+00,4.90E+00
2.15E+00,5.00E+00
2.25E+00,1.00E-02
2.25E+00,2.00E-02
2.25E+00,3.00E-02
2.25E+00,4.00E-02
2.25E+00,5.00E-02
2.25E+00,6.00E-02
2.25E+00,7.00E-02
2.25E+00,8.00E-02
2.25E+00,9.00E-02
2.25E+00,1.00E-01
2.25E+00,1.10E-01
2.25E+00,1.20E-01
2.25E+00,1.30E-01
2.25E+00,1.40E-01
2.25E+00,1.00E-01
2.25E+00,2.00E-01
2.25E+00,3.00E-01
2.25E+00,4.00E-01
2.25E+00,5.00E-01
2.25E+00,6.00E-01
2.25E+00,7.00E-01
2.25E+00,8.00E-01
2.25E+00,9.00E-01
2.25E+00,1.00E+00
2.25E+00,1.10E+00
2.25E+00,1.20E+00
2.25E+00,1.30E+00
2.25E+00,1.40E+00
2.25E+00,1.50E+00
2.25E+00,1.60E+00
2.25E+00,1.70E+00
2.25E+00,1.80E+00
2.25E+00,1.90E+00
2.25E+00,2.00E+00
2.25E+00,2.10E+00
2.25E+00,2.20E+00
2.25E+00,2.30E+00
2.25E+00,2.40E+00
2.25E+00,2.50E+00
2.25E+00,2.60E+00
2.25E+00,2.70E+00
2.25E+00,2.80E+00
2.25E+00,2.90E+00
2.25E+00,3.00E+00
2.25E+00,3.10E+00
2.25E+00,3.20E+00
2.25E+00,3.30E+00
2.25E+00,3.40E+00
2.25E+00,3.50E+00
2.25E+00,3.60E+00
2.25E+00,3.70E+00
2.25E+00,3.80E+00
2.25E+00,3.90E+00
2.25E+00,4.00E+00
2.25E+00,4.10E+00
2.25E+00,4.20E+00
2.25E+00,4.30E+00
2.25E+00,4.40E+00
2.25E+00,4.50E+00
2.25E+00,4.60E+00
2.25E+00,4.70E+00
2.25E+00,4.80E+00
2.25E+00,4.90E+00
2.25E+00,5.00E+00
2.35E+00,1.00E-02
2.35E+00,2.00E-02
2.35E+00,3.00E-02
2.35E+00,4.00E-02
2.35E+00,5.00E-02
2.35E+00,6.00E-02
2.35E+00,7.00E-02
2.35E+00,8.00E-02
2.35E+00,9.00E-02
2.35E+00,1.00E-01
2.35E+00,1.10E-01
2.35E+00,1.20E-01
2.35E+00,1.30E-01
2.35E+00,1.40E-01
2.35E+00,1.00E-01
2.35E+00,2.00E-01
2.35E+00,3.00E-01
2.35E+00,4.00E-01
2.35E+00,5.00E-01
2.35E+00,6.00E-01
2.35E+00,7.00E-01
2.35E+00,8.00E-01
2.35E+00,9.00E-01
2.35E+00,1.00E+00
2.35E+00,1.10E+00
2.35E+00,1.20E+00
2.35E+00,1.30E+00
2.35E+00,1.40E+00
2.35E+00,1.50E+00
2.35E+00,1.60E+00
2.35E+00,1.70E+00
2.35E+00,1.80E+00
2.35E+00,1.90E+00
2.35E+00,2.00E+00
2.35E+00,2.10E+00
2.35E+00,2.20E+00
2.35E+00,2.30E+00
2.35E+00,2.40E+00
2.35E+00,2.50E+00
2.35E+00,2.60E+00
2.35E+00,2.70E+00
2.35E+00,2.80E+00
2.35E+00,2.90E+00
2.35E+00,3.00E+00
2.35E+00,3.10E+00
2.35E+00,3.20E+00
2.35E+00,3.30E+00
2.35E+00,3.40E+00
2.35E+00,3.50E+00
2.35E+00,3.60E+00
2.35E+00,3.70E+00
2.35E+00,3.80E+00
2.35E+00,3.90E+00
2.35E+00,4.00E+00
2.35E+00,4.10E+00
2.35E+00,4.20E+00
2.35E+00,4.30E+00
2.35E+00,4.40E+00
2.35E+00,4.50E+00
2.35E+00,4.60E+00
2.35E+00,4.70E+00
2.35E+00,4.80E+00
2.35E+00,4.90E+00
2.35E+00,5.00E+00
2.45E+00,1.00E-02
2.45E+00,2.00E-02
2.45E+00,3.00E-02
2.45E+00,4.00E-02
2.45E+00,5.00E-02
2.45E+00,6.00E-02
2.45E+00,7.00E-02
2.45E+00,8.00E-02
2.45E+00,9.00E-02
2.45E+00,1.00E-01
2.45E+00,1.10E-01
2.45E+00,1.20E-01
2.45E+00,1.30E-01
2.45E+00,1.40E-01
2.45E+00,1.00E-01
2.45E+00,2.00E-01
2.45E+00,3.00E-01
2.45E+00,4.00E-01
2.45E+00,5.00E-01
2.45E+00,6.00E-01
2.45E+00,7.00E-01
2.45E+00,8.00E-01
2.45E+00,9.00E-01
2.45E+00,1.00E+00
2.45E+00,1.10E+00
2.45E+00,1.20E+00
2.45E+00,1.30E+00
2.45E+00,1.40E+00
2.45E+00,1.50E+00
2.45E+00,1.60E+00
2.45E+00,1.70E+00
2.45E+00,1.80E+00
2.45E+00,1.90E+00
2.45E+00,2.00E+00
2.45E+00,2.10E+00
2.45E+00,2.20E+00
2.45E+00,2.30E+00
2.45E+00,2.40E+00
2.45E+00,2.50E+00
2.45E+00,2.60E+00
2.45E+00,2.70E+00
2.45E+00,2.80E+00
2.45E+00,2.90E+00
2.45E+00,3.00E+00
2.45E+00,3.10E+00
2.45E+00,3.20E+00
2.45E+00,3.30E+00
2.45E+00,3.40E+00
2.45E+00,3.50E+00
2.45E+00,3.60E+00
2.45E+00,3.70E+00
2.45E+00,3.80E+00
2.45E+00,3.90E+00
2.45E+00,4.00E+00
2.45E+00,4.10E+00
2.45E+00,4.20E+00
2.45E+00,4.30E+00
2.45E+00,4.40E+00
2.45E+00,4.50E+00
2.45E+00,4.60E+00
2.45E+00,4.70E+00
2.45E+00,4.80E+00
2.45E+00,4.90E+00
2.45E+00,5.00E+00
2.55E+00,1.00E-02
2.55E+00,2.00E-02
2.55E+00,3.00E-02
2.55E+00,4.00E-02
2.55E+00,5.00E-02
2.55E+00,6.00E-02
2.55E+00,7.00E-02
2.55E+00,8.00E-02
2.55E+00,9.00E-02
2.55E+00,1.00E-01
2.55E+00,1.10E-01
2.55E+00,1.20E-01
2.55E+00,1.30E-01
2.55E+00,1.40E-01
2.55E+00,1.00E-01
2.55E+00,2.00E-01
2.55E+00,3.00E-01
2.55E+00,4.00E-01
2.55E+00,5.00E-01
2.55E+00,6.00E-01
2.55E+00,7.00E-01
2.55E+00,8.00E-01
2.55E+00,9.00E-01
2.55E+00,1.00E+00
2.55E+00,1.10E+00
2.55E+00,1.20E+00
2.55E+00,1.30E+00
2.55E+00,1.40E+00
2.55E+00,1.50E+00
2.55E+00,1.60E+00
2.55E+00,1.70E+00
2.55E+00,1.80E+00
2.55E+00,1.90E+00
2.55E+00,2.00E+00
2.55E+00,2.10E+00
2.55E+00,2.20E+00
2.55E+00,2.30E+00
2.55E+00,2.40E+00
2.55E+00,2.50E+00
2.55E+00,2.60E+00
2.55E+00,2.70E+00
2.55E+00,2.80E+00
2.55E+00,2.90E+00
2.55E+00,3.00E+00
2.55E+00,3.10E+00
2.55E+00,3.20E+00
2.55E+00,3.30E+00
2.55E+00,3.40E+00
2.55E+00,3.50E+00
2.55E+00,3.60E+00
2.55E+00,3.70E+00
2.55E+00,3.80E+00
2.55E+00,3.90E+00
2.55E+00,4.00E+00
2.55E+00,4.10E+00
2.55E+00,4.20E+00
2.55E+00,4.30E+00
2.55E+00,4.40E+00
2.55E+00,4.50E+00
2.55E+00,4.60E+00
2.55E+00,4.70E+00
2.55E+00,4.80E+00
2.55E+00,4.90E+00
2.55E+00,5.00E+00
2.65E+00,1.00E-02
2.65E+00,2.00E-02
2.65E+00,3.00E-02
2.65E+00,4.00E-02
2.65E+00,5.00E-02
2.65E+00,6.00E-02
2.65E+00,7.00E-02
2.65E+00,8.00E-02
2.65E+00,9.00E-02
2.65E+00,1.00E-01
2.65E+00,1.10E-01
2.65E+00,1.20E-01
2.65E+00,1.30E-01
2.65E+00,1.40E-01
2.65E+00,1.00E-01
2.65E+00,2.00E-01
2.65E+00,3.00E-01
2.65E+00,4.00E-01
2.65E+00,5.00E-01
2.65E+00,6.00E-01
2.65E+00,7.00E-01
2.65E+00,8.00E-01
2.65E+00,9.00E-01
2.65E+00,1.00E+00
2.65E+00,1.10E+00
2.65E+00,1.20E+00
2.65E+00,1.30E+00
2.65E+00,1.40E+00
2.65E+00,1.50E+00
2.65E+00,1.60E+00
2.65E+00,1.70E+00
2.65E+00,1.80E+00
2.65E+00,1.90E+00
2.65E+00,2.00E+00
2.65E+00,2.10E+00
2.65E+00,2.20E+00
2.65E+00,2.30E+00
2.65E+00,2.40E+00
2.65E+00,2.50E+00
2.65E+00,2.60E+00
2.65E+00,2.70E+00
2.65E+00,2.80E+00
2.65E+00,2.90E+00
2.65E+00,3.00E+00
2.65E+00,3.10E+00
2.65E+00,3.20E+00
2.65E+00,3.30E+00
2.65E+00,3.40E+00
2.65E+00,3.50E+00
2.65E+00,3.60E+00
2.65E+00,3.70E+00
2.65E+00,3.80E+00
2.65E+00,3.90E+00
2.65E+00,4.00E+00
2.65E+00,4.10E+00
2.65E+00,4.20E+00
2.65E+00,4.30E+00
2.65E+00,4.40E+00
2.65E+00,4.50E+00
2.65E+00,4.60E+00
2.65E+00,4.70E+00
2.65E+00,4.80E+00
2.65E+00,4.90E+00
2.65E+00,5.00E+00
2.75E+00,1.00E-02
2.75E+00,2.00E-02
2.75E+00,3.00E-02
2.75E+00,4.00E-02
2.75E+00,5.00E-02
2.75E+00,6.00E-02
2.75E+00,7.00E-02
2.75E+00,8.00E-02
2.75E+00,9.00E-02
2.75E+00,1.00E-01
2.75E+00,1.10E-01
2.75E+00,1.20E-01
2.75E+00,1.30E-01
2.75E+00,1.40E-01
2.75E+00,1.00E-01
2.75E+00,2.00E-01
2.75E+00,3.00E-01
2.75E+00,4.00E-01
2.75E+00,5.00E-01
2.75E+00,6.00E-01
2.75E+00,7.00E-01
2.75E+00,8.00E-01
2.75E+00,9.00E-01
2.75E+00,1.00E+00
2.75E+00,1.10E+00
2.75E+00,1.20E+00
2.75E+00,1.30E+00
2.75E+00,1.40E+00
2.75E+00,1.50E+00
2.75E+00,1.60E+00
2.75E+00,1.70E+00
2.75E+00,1.80E+00
2.75E+00,1.90E+00
2.75E+00,2.00E+00
2.75E+00,2.10E+00
2.75E+00,2.20E+00
2.75E+00,2.30E+00
2.75E+00,2.40E+00
2.75E+00,2.50E+00
2.75E+00,2.60E+00
2.75E+00,2.70E+00
2.75E+00,2.80E+00
2.75E+00,2.90E+00
2.75E+00,3.00E+00
2.75E+00,3.10E+00
2.75E+00,3.20E+00
2.75E+00,3.30E+00
2.75E+00,3.40E+00
2.75E+00,3.50E+00
2.75E+00,3.60E+00
2.75E+00,3.70E+00
2.75E+00,3.80E+00
2.75E+00,3.90E+00
2.75E+00,4.00E+00
2.75E+00,4.10E+00
2.75E+00,4.20E+00
2.75E+00,4.30E+00
2.75E+00,4.40E+00
2.75E+00,4.50E+00
2.75E+00,4.60E+00
2.75E+00,4.70E+00
2.75E+00,4.80E+00
2.75E+00,4.90E+00
2.75E+00,5.00E+00
2.85E+00,1.00E-02
2.85E+00,2.00E-02
2.85E+00,3.00E-02
2.85E+00,4.00E-02
2.85E+00,5.00E-02
2.85E+00,6.00E-02
2.85E+00,7.00E-02
2.85E+00,8.00E-02
2.85E+00,9.00E-02
2.85E+00,1.00E-01
2.85E+00,1.10E-01
2.85E+00,1.20E-01
2.85E+00,1.30E-01
2.85E+00,1.40E-01
2.85E+00,1.00E-01
2.85E+00,2.00E-01
2.85E+00,3.00E-01
2.85E+00,4.00E-01
2.85E+00,5.00E-01
2.85E+00,6.00E-01
2.85E+00,7.00E-01
2.85E+00,8.00E-01
2.85E+00,9.00E-01
2.85E+00,1.00E+00
2.85E+00,1.10E+00
2.85E+00,1.20E+00
2.85E+00,1.30E+00
2.85E+00,1.40E+00
2.85E+00,1.50E+00
2.85E+00,1.60E+00
2.85E+00,1.70E+00
2.85E+00,1.80E+00
2.85E+00,1.90E+00
2.85E+00,2.00E+00
2.85E+00,2.10E+00
2.85E+00,2.20E+00
2.85E+00,2.30E+00
2.85E+00,2.40E+00
2.85E+00,2.50E+00
2.85E+00,2.60E+00
2.85E+00,2.70E+00
2.85E+00,2.80E+00
2.85E+00,2.90E+00
2.85E+00,3.00E+00
2.85E+00,3.10E+00
2.85E+00,3.20E+00
2.85E+00,3.30E+00
2.85E+00,3.40E+00
2.85E+00,3.50E+00
2.85E+00,3.60E+00
2.85E+00,3.70E+00
2.85E+00,3.80E+00
2.85E+00,3.90E+00
2.85E+00,4.00E+00
2.85E+00,4.10E+00
2.85E+00,4.20E+00
2.85E+00,4.30E+00
2.85E+00,4.40E+00
2.85E+00,4.50E+00
2.85E+00,4.60E+00
2.85E+00,4.70E+00
2.85E+00,4.80E+00
2.85E+00,4.90E+00
2.85E+00,5.00E+00
2.95E+00,1.00E-02
2.95E+00,2.00E-02
2.95E+00,3.00E-02
2.95E+00,4.00E-02
2.95E+00,5.00E-02
2.95E+00,6.00E-02
2.95E+00,7.00E-02
2.95E+00,8.00E-02
2.95E+00,9.00E-02
2.95E+00,1.00E-01
2.95E+00,1.10E-01
2.95E+00,1.20E-01
2.95E+00,1.30E-01
2.95E+00,1.40E-01
2.95E+00,1.00E-01
2.95E+00,2.00E-01
2.95E+00,3.00E-01
2.95E+00,4.00E-01
2.95E+00,5.00E-01
2.95E+00,6.00E-01
2.95E+00,7.00E-01
2.95E+00,8.00E-01
2.95E+00,9.00E-01
2.95E+00,1.00E+00
2.95E+00,1.10E+00
2.95E+00,1.20E+00
2.95E+00,1.30E+00
2.95E+00,1.40E+00
2.95E+00,1.50E+00
2.95E+00,1.60E+00
2.95E+00,1.70E+00
2.95E+00,1.80E+00
2.95E+00,1.90E+00
2.95E+00,2.00E+00
2.95E+00,2.10E+00
2.95E+00,2.20E+00
2.95E+00,2.30E+00
2.95E+00,2.40E+00
2.95E+00,2.50E+00
2.95E+00,2.60E+00
2.95E+00,2.70E+00
2.95E+00,2.80E+00
2.95E+00,2.90E+00
2.95E+00,3.00E+00
2.95E+00,3.10E+00
2.95E+00,3.20E+00
2.95E+00,3.30E+00
2.95E+00,3.40E+00
2.95E+00,3.50E+00
2.95E+00,3.60E+00
2.95E+00,3.70E+00
2.95E+00,3.80E+00
2.95E+00,3.90E+00
2.95E+00,4.00E+00
2.95E+00,4.10E+00
2.95E+00,4.20E+00
2.95E+00,4.30E+00
2.95E+00,4.40E+00
2.95E+00,4.50E+00
2.95E+00,4.60E+00
2.95E+00,4.70E+00
2.95E+00,4.80E+00
2.95E+00,4.90E+00
2.95E+00,5.00E+00
3.05E+00,1.00E-02
3.05E+00,2.00E-02
3.05E+00,3.00E-02
3.05E+00,4.00E-02
3.05E+00,5.00E-02
3.05E+00,6.00E-02
3.05E+00,7.00E-02
3.05E+00,8.00E-02
3.05E+00,9.00E-02
3.05E+00,1.00E-01
3.05E+00,1.10E-01
3.05E+00,1.20E-01
3.05E+00,1.30E-01
3.05E+00,1.40E-01
3.05E+00,1.00E-01
3.05E+00,2.00E-01
3.05E+00,3.00E-01
3.05E+00,4.00E-01
3.05E+00,5.00E-01
3.05E+00,6.00E-01
3.05E+00,7.00E-01
3.05E+00,8.00E-01
3.05E+00,9.00E-01
3.05E+00,1.00E+00
3.05E+00,1.10E+00
3.05E+00,1.20E+00
3.05E+00,1.30E+00
3.05E+00,1.40E+00
3.05E+00,1.50E+00
3.05E+00,1.60E+00
3.05E+00,1.70E+00
3.05E+00,1.80E+00
3.05E+00,1.90E+00
3.05E+00,2.00E+00
3.05E+00,2.10E+00
3.05E+00,2.20E+00
3.05E+00,2.30E+00
3.05E+00,2.40E+00
3.05E+00,2.50E+00
3.05E+00,2.60E+00
3.05E+00,2.70E+00
3.05E+00,2.80E+00
3.05E+00,2.90E+00
3.05E+00,3.00E+00
3.05E+00,3.10E+00
3.05E+00,3.20E+00
3.05E+00,3.30E+00
3.05E+00,3.40E+00
3.05E+00,3.50E+00
3.05E+00,3.60E+00
3.05E+00,3.70E+00
3.05E+00,3.80E+00
3.05E+00,3.90E+00
3.05E+00,4.00E+00
3.05E+00,4.10E+00
3.05E+00,4.20E+00
3.05E+00,4.30E+00
3.05E+00,4.40E+00
3.05E+00,4.50E+00
3.05E+00,4.60E+00
3.05E+00,4.70E+00
3.05E+00,4.80E+00
3.05E+00,4.90E+00
3.05E+00,5.00E+00
3.15E+00,1.00E-02
3.15E+00,2.00E-02
3.15E+00,3.00E-02
3.15E+00,4.00E-02
3.15E+00,5.00E-02
3.15E+00,6.00E-02
3.15E+00,7.00E-02
3.15E+00,8.00E-02
3.15E+00,9.00E-02
3.15E+00,1.00E-01
3.15E+00,1.10E-01
3.15E+00,1.20E-01
3.15E+00,1.30E-01
3.15E+00,1.40E-01
3.15E+00,1.00E-01
3.15E+00,2.00E-01
3.15E+00,3.00E-01
3.15E+00,4.00E-01
3.15E+00,5.00E-01
3.15E+00,6.00E-01
3.15E+00,7.00E-01
3.15E+00,8.00E-01
3.15E+00,9.00E-01
3.15E+00,1.00E+00
3.15E+00,1.10E+00
3.15E+00,1.20E+00
3.15E+00,1.30E+00
3.15E+00,1.40E+00
3.15E+00,1.50E+00
3.15E+00,1.60E+00
3.15E+00,1.70E+00
3.15E+00,1.80E+00
3.15E+00,1.90E+00
3.15E+00,2.00E+00
3.15E+00,2.10E+00
3.15E+00,2.20E+00
3.15E+00,2.30E+00
3.15E+00,2.40E+00
3.15E+00,2.50E+00
3.15E+00,2.60E+00
3.15E+00,2.70E+00
3.15E+00,2.80E+00
3.15E+00,2.90E+00
3.15E+00,3.00E+00
3.15E+00,3.10E+00
3.15E+00,3.20E+00
3.15E+00,3.30E+00
3.15E+00,3.40E+00
3.15E+00,3.50E+00
3.15E+00,3.60E+00
3.15E+00,3.70E+00
3.15E+00,3.80E+00
3.15E+00,3.90E+00
3.15E+00,4.00E+00
3.15E+00,4.10E+00
3.15E+00,4.20E+00
3.15E+00,4.30E+00
3.15E+00,4.40E+00
3.15E+00,4.50E+00
3.15E+00,4.60E+00
3.15E+00,4.70E+00
3.15E+00,4.80E+00
3.15E+00,4.90E+00
3.15E+00,5.00E+00
3.25E+00,1.00E-02
3.25E+00,2.00E-02
3.25E+00,3.00E-02
3.25E+00,4.00E-02
3.25E+00,5.00E-02
3.25E+00,6.00E-02
3.25E+00,7.00E-02
3.25E+00,8.00E-02
3.25E+00,9.00E-02
3.25E+00,1.00E-01
3.25E+00,1.10E-01
3.25E+00,1.20E-01
3.25E+00,1.30E-01
3.25E+00,1.40E-01
3.25E+00,1.00E-01
3.25E+00,2.00E-01
3.25E+00,3.00E-01
3.25E+00,4.00E-01
3.25E+00,5.00E-01
3.25E+00,6.00E-01
3.25E+00,7.00E-01
3.25E+00,8.00E-01
3.25E+00,9.00E-01
3.25E+00,1.00E+00
3.25E+00,1.10E+00
3.25E+00,1.20E+00
3.25E+00,1.30E+00
3.25E+00,1.40E+00
3.25E+00,1.50E+00
3.25E+00,1.60E+00
3.25E+00,1.70E+00
3.25E+00,1.80E+00
3.25E+00,1.90E+00
3.25E+00,2.00E+00
3.25E+00,2.10E+00
3.25E+00,2.20E+00
3.25E+00,2.30E+00
3.25E+00,2.40E+00
3.25E+00,2.50E+00
3.25E+00,2.60E+00
3.25E+00,2.70E+00
3.25E+00,2.80E+00
3.25E+00,2.90E+00
3.25E+00,3.00E+00
3.25E+00,3.10E+00
3.25E+00,3.20E+00
3.25E+00,3.30E+00
3.25E+00,3.40E+00
3.25E+00,3.50E+00
3.25E+00,3.60E+00
3.25E+00,3.70E+00
3.25E+00,3.80E+00
3.25E+00,3.90E+00
3.25E+00,4.00E+00
3.25E+00,4.10E+00
3.25E+00,4.20E+00
3.25E+00,4.30E+00
3.25E+00,4.40E+00
3.25E+00,4.50E+00
3.25E+00,4.60E+00
3.25E+00,4.70E+00
3.25E+00,4.80E+00
3.25E+00,4.90E+00
3.25E+00,5.00E+00
3.35E+00,1.00E-02
3.35E+00,2.00E-02
3.35E+00,3.00E-02
3.35E+00,4.00E-02
3.35E+00,5.00E-02
3.35E+00,6.00E-02
3.35E+00,7.00E-02
3.35E+00,8.00E-02
3.35E+00,9.00E-02
3.35E+00,1.00E-01
3.35E+00,1.10E-01
3.35E+00,1.20E-01
3.35E+00,1.30E-01
3.35E+00,1.40E-01
3.35E+00,1.00E-01
3.35E+00,2.00E-01
3.35E+00,3.00E-01
3.35E+00,4.00E-01
3.35E+00,5.00E-01
3.35E+00,6.00E-01
3.35E+00,7.00E-01
3.35E+00,8.00E-01
3.35E+00,9.00E-01
3.35E+00,1.00E+00
3.35E+00,1.10E+00
3.35E+00,1.20E+00
3.35E+00,1.30E+00
3.35E+00,1.40E+00
3.35E+00,1.50E+00
3.35E+00,1.60E+00
3.35E+00,1.70E+00
3.35E+00,1.80E+00
3.35E+00,1.90E+00
3.35E+00,2.00E+00
3.35E+00,2.10E+00
3.35E+00,2.20E+00
3.35E+00,2.30E+00
3.35E+00,2.40E+00
3.35E+00,2.50E+00
3.35E+00,2.60E+00
3.35E+00,2.70E+00
3.35E+00,2.80E+00
3.35E+00,2.90E+00
3.35E+00,3.00E+00
3.35E+00,3.10E+00
3.35E+00,3.20E+00
3.35E+00,3.30E+00
3.35E+00,3.40E+00
3.35E+00,3.50E+00
3.35E+00,3.60E+00
3.35E+00,3.70E+00
3.35E+00,3.80E+00
3.35E+00,3.90E+00
3.35E+00,4.00E+00
3.35E+00,4.10E+00
3.35E+00,4.20E+00
3.35E+00,4.30E+00
3.35E+00,4.40E+00
3.35E+00,4.50E+00
3.35E+00,4.60E+00
3.35E+00,4.70E+00
3.35E+00,4.80E+00
3.35E+00,4.90E+00
3.35E+00,5.00E+00
3.45E+00,1.00E-02
3.45E+00,2.00E-02
3.45E+00,3.00E-02
3.45E+00,4.00E-02
3.45E+00,5.00E-02
3.45E+00,6.00E-02
3.45E+00,7.00E-02
3.45E+00,8.00E-02
3.45E+00,9.00E-02
3.45E+00,1.00E-01
3.45E+00,1.10E-01
3.45E+00,1.20E-01
3.45E+00,1.30E-01
3.45E+00,1.40E-01
3.45E+00,1.00E-01
3.45E+00,2.00E-01
3.45E+00,3.00E-01
3.45E+00,4.00E-01
3.45E+00,5.00E-01
3.45E+00,6.00E-01
3.45E+00,7.00E-01
3.45E+00,8.00E-01
3.45E+00,9.00E-01
3.45E+00,1.00E+00
3.45E+00,1.10E+00
3.45E+00,1.20E+00
3.45E+00,1.30E+00
3.45E+00,1.40E+00
3.45E+00,1.50E+00
3.45E+00,1.60E+00
3.45E+00,1.70E+00
3.45E+00,1.80E+00
3.45E+00,1.90E+00
3.45E+00,2.00E+00
3.45E+00,2.10E+00
3.45E+00,2.20E+00
3.45E+00,2.30E+00
3.45E+00,2.40E+00
3.45E+00,2.50E+00
3.45E+00,2.60E+00
3.45E+00,2.70E+00
3.45E+00,2.80E+00
3.45E+00,2.90E+00
3.45E+00,3.00E+00
3.45E+00,3.10E+00
3.45E+00,3.20E+00
3.45E+00,3.30E+00
3.45E+00,3.40E+00
3.45E+00,3.50E+00
3.45E+00,3.60E+00
3.45E+00,3.70E+00
3.45E+00,3.80E+00
3.45E+00,3.90E+00
3.45E+00,4.00E+00
3.45E+00,4.10E+00
3.45E+00,4.20E+00
3.45E+00,4.30E+00
3.45E+00,4.40E+00
3.45E+00,4.50E+00
3.45E+00,4.60E+00
3.45E+00,4.70E+00
3.45E+00,4.80E+00
3.45E+00,4.90E+00
3.45E+00,5.00E+00
3.55E+00,1.00E-02
3.55E+00,2.00E-02
3.55E+00,3.00E-02
3.55E+00,4.00E-02
3.55E+00,5.00E-02
3.55E+00,6.00E-02
3.55E+00,7.00E-02
3.55E+00,8.00E-02
3.55E+00,9.00E-02
3.55E+00,1.00E-01
3.55E+00,1.10E-01
3.55E+00,1.20E-01
3.55E+00,1.30E-01
3.55E+00,1.40E-01
3.55E+00,1.00E-01
3.55E+00,2.00E-01
3.55E+00,3.00E-01
3.55E+00,4.00E-01
3.55E+00,5.00E-01
3.55E+00,6.00E-01
3.55E+00,7.00E-01
3.55E+00,8.00E-01
3.55E+00,9.00E-01
3.55E+00,1.00E+00
3.55E+00,1.10E+00
3.55E+00,1.20E+00
3.55E+00,1.30E+00
3.55E+00,1.40E+00
3.55E+00,1.50E+00
3.55E+00,1.60E+00
3.55E+00,1.70E+00
3.55E+00,1.80E+00
3.55E+00,1.90E+00
3.55E+00,2.00E+00
3.55E+00,2.10E+00
3.55E+00,2.20E+00
3.55E+00,2.30E+00
3.55E+00,2.40E+00
3.55E+00,2.50E+00
3.55E+00,2.60E+00
3.55E+00,2.70E+00
3.55E+00,2.80E+00
3.55E+00,2.90E+00
3.55E+00,3.00E+00
3.55E+00,3.10E+00
3.55E+00,3.20E+00
3.55E+00,3.30E+00
3.55E+00,3.40E+00
3.55E+00,3.50E+00
3.55E+00,3.60E+00
3.55E+00,3.70E+00
3.55E+00,3.80E+00
3.55E+00,3.90E+00
3.55E+00,4.00E+00
3.55E+00,4.10E+00
3.55E+00,4.20E+00
3.55E+00,4.30E+00
3.55E+00,4.40E+00
3.55E+00,4.50E+00
3.55E+00,4.60E+00
3.55E+00,4.70E+00
3.55E+00,4.80E+00
3.55E+00,4.90E+00
3.55E+00,5.00E+00
3.65E+00,1.00E-02
3.65E+00,2.00E-02
3.65E+00,3.00E-02
3.65E+00,4.00E-02
3.65E+00,5.00E-02
3.65E+00,6.00E-02
3.65E+00,7.00E-02
3.65E+00,8.00E-02
3.65E+00,9.00E-02
3.65E+00,1.00E-01
3.65E+00,1.10E-01
3.65E+00,1.20E-01
3.65E+00,1.30E-01
3.65E+00,1.40E-01
3.65E+00,1.00E-01
3.65E+00,2.00E-01
3.65E+00,3.00E-01
3.65E+00,4.00E-01
3.65E+00,5.00E-01
3.65E+00,6.00E-01
3.65E+00,7.00E-01
3.65E+00,8.00E-01
3.65E+00,9.00E-01
3.65E+00,1.00E+00
3.65E+00,1.10E+00
3.65E+00,1.20E+00
3.65E+00,1.30E+00
3.65E+00,1.40E+00
3.65E+00,1.50E+00
3.65E+00,1.60E+00
3.65E+00,1.70E+00
3.65E+00,1.80E+00
3.65E+00,1.90E+00
3.65E+00,2.00E+00
3.65E+00,2.10E+00
3.65E+00,2.20E+00
3.65E+00,2.30E+00
3.65E+00,2.40E+00
3.65E+00,2.50E+00
3.65E+00,2.60E+00
3.65E+00,2.70E+00
3.65E+00,2.80E+00
3.65E+00,2.90E+00
3.65E+00,3.00E+00
3.65E+00,3.10E+00
3.65E+00,3.20E+00
3.65E+00,3.30E+00
3.65E+00,3.40E+00
3.65E+00,3.50E+00
3.65E+00,3.60E+00
3.65E+00,3.70E+00
3.65E+00,3.80E+00
3.65E+00,3.90E+00
3.65E+00,4.00E+00
3.65E+00,4.10E+00
3.65E+00,4.20E+00
3.65E+00,4.30E+00
3.65E+00,4.40E+00
3.65E+00,4.50E+00
3.65E+00,4.60E+00
3.65E+00,4.70E+00
3.65E+00,4.80E+00
3.65E+00,4.90E+00
3.65E+00,5.00E+00
3.75E+00,1.00E-02
3.75E+00,2.00E-02
3.75E+00,3.00E-02
3.75E+00,4.00E-02
3.75E+00,5.00E-02
3.75E+00,6.00E-02
3.75E+00,7.00E-02
3.75E+00,8.00E-02
3.75E+00,9.00E-02
3.75E+00,1.00E-01
3.75E+00,1.10E-01
3.75E+00,1.20E-01
3.75E+00,1.30E-01
3.75E+00,1.40E-01
3.75E+00,1.00E-01
3.75E+00,2.00E-01
3.75E+00,3.00E-01
3.75E+00,4.00E-01
3.75E+00,5.00E-01
3.75E+00,6.00E-01
3.75E+00,7.00E-01
3.75E+00,8.00E-01
3.75E+00,9.00E-01
3.75E+00,1.00E+00
3.75E+00,1.10E+00
3.75E+00,1.20E+00
3.75E+00,1.30E+00
3.75E+00,1.40E+00
3.75E+00,1.50E+00
3.75E+00,1.60E+00
3.75E+00,1.70E+00
3.75E+00,1.80E+00
3.75E+00,1.90E+00
3.75E+00,2.00E+00
3.75E+00,2.10E+00
3.75E+00,2.20E+00
3.75E+00,2.30E+00
3.75E+00,2.40E+00
3.75E+00,2.50E+00
3.75E+00,2.60E+00
3.75E+00,2.70E+00
3.75E+00,2.80E+00
3.75E+00,2.90E+00
3.75E+00,3.00E+00
3.75E+00,3.10E+00
3.75E+00,3.20E+00
3.75E+00,3.30E+00
3.75E+00,3.40E+00
3.75E+00,3.50E+00
3.75E+00,3.60E+00
3.75E+00,3.70E+00
3.75E+00,3.80E+00
3.75E+00,3.90E+00
3.75E+00,4.00E+00
3.75E+00,4.10E+00
3.75E+00,4.20E+00
3.75E+00,4.30E+00
3.75E+00,4.40E+00
3.75E+00,4.50E+00
3.75E+00,4.60E+00
3.75E+00,4.70E+00
3.75E+00,4.80E+00
3.75E+00,4.90E+00
3.75E+00,5.00E+00
3.85E+00,1.00E-02
3.85E+00,2.00E-02
3.85E+00,3.00E-02
3.85E+00,4.00E-02
3.85E+00,5.00E-02
3.85E+00,6.00E-02
3.85E+00,7.00E-02
3.85E+00,8.00E-02
3.85E+00,9.00E-02
3.85E+00,1.00E-01
3.85E+00,1.10E-01
3.85E+00,1.20E-01
3.85E+00,1.30E-01
3.85E+00,1.40E-01
3.85E+00,1.00E-01
3.85E+00,2.00E-01
3.85E+00,3.00E-01
3.85E+00,4.00E-01
3.85E+00,5.00E-01
3.85E+00,6.00E-01
3.85E+00,7.00E-01
3.85E+00,8.00E-01
3.85E+00,9.00E-01
3.85E+00,1.00E+00
3.85E+00,1.10E+00
3.85E+00,1.20E+00
3.85E+00,1.30E+00
3.85E+00,1.40E+00
3.85E+00,1.50E+00
3.85E+00,1.60E+00
3.85E+00,1.70E+00
3.85E+00,1.80E+00
3.85E+00,1.90E+00
3.85E+00,2.00E+00
3.85E+00,2.10E+00
3.85E+00,2.20E+00
3.85E+00,2.30E+00
3.85E+00,2.40E+00
3.85E+00,2.50E+00
3.85E+00,2.60E+00
3.85E+00,2.70E+00
3.85E+00,2.80E+00
3.85E+00,2.90E+00
3.85E+00,3.00E+00
3.85E+00,3.10E+00
3.85E+00,3.20E+00
3.85E+00,3.30E+00
3.85E+00,3.40E+00
3.85E+00,3.50E+00
3.85E+00,3.60E+00
3.85E+00,3.70E+00
3.85E+00,3.80E+00
3.85E+00,3.90E+00
3.85E+00,4.00E+00
3.85E+00,4.10E+00
3.85E+00,4.20E+00
3.85E+00,4.30E+00
3.85E+00,4.40E+00
3.85E+00,4.50E+00
3.85E+00,4.60E+00
3.85E+00,4.70E+00
3.85E+00,4.80E+00
3.85E+00,4.90E+00
3.85E+00,5.00E+00
3.95E+00,1.00E-02
3.95E+00,2.00E-02
3.95E+00,3.00E-02
3.95E+00,4.00E-02
3.95E+00,5.00E-02
3.95E+00,6.00E-02
3.95E+00,7.00E-02
3.95E+00,8.00E-02
3.95E+00,9.00E-02
3.95E+00,1.00E-01
3.95E+00,1.10E-01
3.95E+00,1.20E-01
3.95E+00,1.30E-01
3.95E+00,1.40E-01
3.95E+00,1.00E-01
3.95E+00,2.00E-01
3.95E+00,3.00E-01
3.95E+00,4.00E-01
3.95E+00,5.00E-01
3.95E+00,6.00E-01
3.95E+00,7.00E-01
3.95E+00,8.00E-01
3.95E+00,9.00E-01
3.95E+00,1.00E+00
3.95E+00,1.10E+00
3.95E+00,1.20E+00
3.95E+00,1.30E+00
3.95E+00,1.40E+00
3.95E+00,1.50E+00
3.95E+00,1.60E+00
3.95E+00,1.70E+00
3.95E+00,1.80E+00
3.95E+00,1.90E+00
3.95E+00,2.00E+00
3.95E+00,2.10E+00
3.95E+00,2.20E+00
3.95E+00,2.30E+00
3.95E+00,2.40E+00
3.95E+00,2.50E+00
3.95E+00,2.60E+00
3.95E+00,2.70E+00
3.95E+00,2.80E+00
3.95E+00,2.90E+00
3.95E+00,3.00E+00
3.95E+00,3.10E+00
3.95E+00,3.20E+00
3.95E+00,3.30E+00
3.95E+00,3.40E+00
3.95E+00,3.50E+00
3.95E+00,3.60E+00
3.95E+00,3.70E+00
3.95E+00,3.80E+00
3.95E+00,3.90E+00
3.95E+00,4.00E+00
3.95E+00,4.10E+00
3.95E+00,4.20E+00
3.95E+00,4.30E+00
3.95E+00,4.40E+00
3.95E+00,4.50E+00
3.95E+00,4.60E+00
3.95E+00,4.70E+00
3.95E+00,4.80E+00
3.95E+00,4.90E+00
3.95E+00,5.00E+00
4.05E+00,1.00E-02
4.05E+00,2.00E-02
4.05E+00,3.00E-02
4.05E+00,4.00E-02
4.05E+00,5.00E-02
4.05E+00,6.00E-02
4.05E+00,7.00E-02
4.05E+00,8.00E-02
4.05E+00,9.00E-02
4.05E+00,1.00E-01
4.05E+00,1.10E-01
4.05E+00,1.20E-01
4.05E+00,1.30E-01
4.05E+00,1.40E-01
4.05E+00,1.00E-01
4.05E+00,2.00E-01
4.05E+00,3.00E-01
4.05E+00,4.00E-01
4.05E+00,5.00E-01
4.05E+00,6.00E-01
4.05E+00,7.00E-01
4.05E+00,8.00E-01
4.05E+00,9.00E-01
4.05E+00,1.00E+00
4.05E+00,1.10E+00
4.05E+00,1.20E+00
4.05E+00,1.30E+00
4.05E+00,1.40E+00
4.05E+00,1.50E+00
4.05E+00,1.60E+00
4.05E+00,1.70E+00
4.05E+00,1.80E+00
4.05E+00,1.90E+00
4.05E+00,2.00E+00
4.05E+00,2.10E+00
4.05E+00,2.20E+00
4.05E+00,2.30E+00
4.05E+00,2.40E+00
4.05E+00,2.50E+00
4.05E+00,2.60E+00
4.05E+00,2.70E+00
4.05E+00,2.80E+00
4.05E+00,2.90E+00
4.05E+00,3.00E+00
4.05E+00,3.10E+00
4.05E+00,3.20E+00
4.05E+00,3.30E+00
4.05E+00,3.40E+00
4.05E+00,3.50E+00
4.05E+00,3.60E+00
4.05E+00,3.70E+00
4.05E+00,3.80E+00
4.05E+00,3.90E+00
4.05E+00,4.00E+00
4.05E+00,4.10E+00
4.05E+00,4.20E+00
4.05E+00,4.30E+00
4.05E+00,4.40E+00
4.05E+00,4.50E+00
4.05E+00,4.60E+00
4.05E+00,4.70E+00
4.05E+00,4.80E+00
4.05E+00,4.90E+00
4.05E+00,5.00E+00
4.15E+00,1.00E-02
4.15E+00,2.00E-02
4.15E+00,3.00E-02
4.15E+00,4.00E-02
4.15E+00,5.00E-02
4.15E+00,6.00E-02
4.15E+00,7.00E-02
4.15E+00,8.00E-02
4.15E+00,9.00E-02
4.15E+00,1.00E-01
4.15E+00,1.10E-01
4.15E+00,1.20E-01
4.15E+00,1.30E-01
4.15E+00,1.40E-01
4.15E+00,1.00E-01
4.15E+00,2.00E-01
4.15E+00,3.00E-01
4.15E+00,4.00E-01
4.15E+00,5.00E-01
4.15E+00,6.00E-01
4.15E+00,7.00E-01
4.15E+00,8.00E-01
4.15E+00,9.00E-01
4.15E+00,1.00E+00
4.15E+00,1.10E+00
4.15E+00,1.20E+00
4.15E+00,1.30E+00
4.15E+00,1.40E+00
4.15E+00,1.50E+00
4.15E+00,1.60E+00
4.15E+00,1.70E+00
4.15E+00,1.80E+00
4.15E+00,1.90E+00
4.15E+00,2.00E+00
4.15E+00,2.10E+00
4.15E+00,2.20E+00
4.15E+00,2.30E+00
4.15E+00,2.40E+00
4.15E+00,2.50E+00
4.15E+00,2.60E+00
4.15E+00,2.70E+00
4.15E+00,2.80E+00
4.15E+00,2.90E+00
4.15E+00,3.00E+00
4.15E+00,3.10E+00
4.15E+00,3.20E+00
4.15E+00,3.30E+00
4.15E+00,3.40E+00
4.15E+00,3.50E+00
4.15E+00,3.60E+00
4.15E+00,3.70E+00
4.15E+00,3.80E+00
4.15E+00,3.90E+00
4.15E+00,4.00E+00
4.15E+00,4.10E+00
4.15E+00,4.20E+00
4.15E+00,4.30E+00
4.15E+00,4.40E+00
4.15E+00,4.50E+00
4.15E+00,4.60E+00
4.15E+00,4.70E+00
4.15E+00,4.80E+00
4.15E+00,4.90E+00
4.15E+00,5.00E+00
4.25E+00,1.00E-02
4.25E+00,2.00E-02
4.25E+00,3.00E-02
4.25E+00,4.00E-02
4.25E+00,5.00E-02
4.25E+00,6.00E-02
4.25E+00,7.00E-02
4.25E+00,8.00E-02
4.25E+00,9.00E-02
4.25E+00,1.00E-01
4.25E+00,1.10E-01
4.25E+00,1.20E-01
4.25E+00,1.30E-01
4.25E+00,1.40E-01
4.25E+00,1.00E-01
4.25E+00,2.00E-01
4.25E+00,3.00E-01
4.25E+00,4.00E-01
4.25E+00,5.00E-01
4.25E+00,6.00E-01
4.25E+00,7.00E-01
4.25E+00,8.00E-01
4.25E+00,9.00E-01
4.25E+00,1.00E+00
4.25E+00,1.10E+00
4.25E+00,1.20E+00
4.25E+00,1.30E+00
4.25E+00,1.40E+00
4.25E+00,1.50E+00
4.25E+00,1.60E+00
4.25E+00,1.70E+00
4.25E+00,1.80E+00
4.25E+00,1.90E+00
4.25E+00,2.00E+00
4.25E+00,2.10E+00
4.25E+00,2.20E+00
4.25E+00,2.30E+00
4.25E+00,2.40E+00
4.25E+00,2.50E+00
4.25E+00,2.60E+00
4.25E+00,2.70E+00
4.25E+00,2.80E+00
4.25E+00,2.90E+00
4.25E+00,3.00E+00
4.25E+00,3.10E+00
4.25E+00,3.20E+00
4.25E+00,3.30E+00
4.25E+00,3.40E+00
4.25E+00,3.50E+00
4.25E+00,3.60E+00
4.25E+00,3.70E+00
4.25E+00,3.80E+00
4.25E+00,3.90E+00
4.25E+00,4.00E+00
4.25E+00,4.10E+00
4.25E+00,4.20E+00
4.25E+00,4.30E+00
4.25E+00,4.40E+00
4.25E+00,4.50E+00
4.25E+00,4.60E+00
4.25E+00,4.70E+00
4.25E+00,4.80E+00
4.25E+00,4.90E+00
4.25E+00,5.00E+00
4.35E+00,1.00E-02
4.35E+00,2.00E-02
4.35E+00,3.00E-02
4.35E+00,4.00E-02
4.35E+00,5.00E-02
4.35E+00,6.00E-02
4.35E+00,7.00E-02
4.35E+00,8.00E-02
4.35E+00,9.00E-02
4.35E+00,1.00E-01
4.35E+00,1.10E-01
4.35E+00,1.20E-01
4.35E+00,1.30E-01
4.35E+00,1.40E-01
4.35E+00,1.00E-01
4.35E+00,2.00E-01
4.35E+00,3.00E-01
4.35E+00,4.00E-01
4.35E+00,5.00E-01
4.35E+00,6.00E-01
4.35E+00,7.00E-01
4.35E+00,8.00E-01
4.35E+00,9.00E-01
4.35E+00,1.00E+00
4.35E+00,1.10E+00
4.35E+00,1.20E+00
4.35E+00,1.30E+00
4.35E+00,1.40E+00
4.35E+00,1.50E+00
4.35E+00,1.60E+00
4.35E+00,1.70E+00
4.35E+00,1.80E+00
4.35E+00,1.90E+00
4.35E+00,2.00E+00
4.35E+00,2.10E+00
4.35E+00,2.20E+00
4.35E+00,2.30E+00
4.35E+00,2.40E+00
4.35E+00,2.50E+00
4.35E+00,2.60E+00
4.35E+00,2.70E+00
4.35E+00,2.80E+00
4.35E+00,2.90E+00
4.35E+00,3.00E+00
4.35E+00,3.10E+00
4.35E+00,3.20E+00
4.35E+00,3.30E+00
4.35E+00,3.40E+00
4.35E+00,3.50E+00
4.35E+00,3.60E+00
4.35E+00,3.70E+00
4.35E+00,3.80E+00
4.35E+00,3.90E+00
4.35E+00,4.00E+00
4.35E+00,4.10E+00
4.35E+00,4.20E+00
4.35E+00,4.30E+00
4.35E+00,4.40E+00
4.35E+00,4.50E+00
4.35E+00,4.60E+00
4.35E+00,4.70E+00
4.35E+00,4.80E+00
4.35E+00,4.90E+00
4.35E+00,5.00E+00
4.45E+00,1.00E-02
4.45E+00,2.00E-02
4.45E+00,3.00E-02
4.45E+00,4.00E-02
4.45E+00,5.00E-02
4.45E+00,6.00E-02
4.45E+00,7.00E-02
4.45E+00,8.00E-02
4.45E+00,9.00E-02
4.45E+00,1.00E-01
4.45E+00,1.10E-01
4.45E+00,1.20E-01
4.45E+00,1.30E-01
4.45E+00,1.40E-01
4.45E+00,1.00E-01
4.45E+00,2.00E-01
4.45E+00,3.00E-01
4.45E+00,4.00E-01
4.45E+00,5.00E-01
4.45E+00,6.00E-01
4.45E+00,7.00E-01
4.45E+00,8.00E-01
4.45E+00,9.00E-01
4.45E+00,1.00E+00
4.45E+00,1.10E+00
4.45E+00,1.20E+00
4.45E+00,1.30E+00
4.45E+00,1.40E+00
4.45E+00,1.50E+00
4.45E+00,1.60E+00
4.45E+00,1.70E+00
4.45E+00,1.80E+00
4.45E+00,1.90E+00
4.45E+00,2.00E+00
4.45E+00,2.10E+00
4.45E+00,2.20E+00
4.45E+00,2.30E+00
4.45E+00,2.40E+00
4.45E+00,2.50E+00
4.45E+00,2.60E+00
4.45E+00,2.70E+00
4.45E+00,2.80E+00
4.45E+00,2.90E+00
4.45E+00,3.00E+00
4.45E+00,3.10E+00
4.45E+00,3.20E+00
4.45E+00,3.30E+00
4.45E+00,3.40E+00
4.45E+00,3.50E+00
4.45E+00,3.60E+00
4.45E+00,3.70E+00
4.45E+00,3.80E+00
4.45E+00,3.90E+00
4.45E+00,4.00E+00
4.45E+00,4.10E+00
4.45E+00,4.20E+00
4.45E+00,4.30E+00
4.45E+00,4.40E+00
4.45E+00,4.50E+00
4.45E+00,4.60E+00
4.45E+00,4.70E+00
4.45E+00,4.80E+00
4.45E+00,4.90E+00
4.45E+00,5.00E+00
4.55E+00,1.00E-02
4.55E+00,2.00E-02
4.55E+00,3.00E-02
4.55E+00,4.00E-02
4.55E+00,5.00E-02
4.55E+00,6.00E-02
4.55E+00,7.00E-02
4.55E+00,8.00E-02
4.55E+00,9.00E-02
4.55E+00,1.00E-01
4.55E+00,1.10E-01
4.55E+00,1.20E-01
4.55E+00,1.30E-01
4.55E+00,1.40E-01
4.55E+00,1.00E-01
4.55E+00,2.00E-01
4.55E+00,3.00E-01
4.55E+00,4.00E-01
4.55E+00,5.00E-01
4.55E+00,6.00E-01
4.55E+00,7.00E-01
4.55E+00,8.00E-01
4.55E+00,9.00E-01
4.55E+00,1.00E+00
4.55E+00,1.10E+00
4.55E+00,1.20E+00
4.55E+00,1.30E+00
4.55E+00,1.40E+00
4.55E+00,1.50E+00
4.55E+00,1.60E+00
4.55E+00,1.70E+00
4.55E+00,1.80E+00
4.55E+00,1.90E+00
4.55E+00,2.00E+00
4.55E+00,2.10E+00
4.55E+00,2.20E+00
4.55E+00,2.30E+00
4.55E+00,2.40E+00
4.55E+00,2.50E+00
4.55E+00,2.60E+00
4.55E+00,2.70E+00
4.55E+00,2.80E+00
4.55E+00,2.90E+00
4.55E+00,3.00E+00
4.55E+00,3.10E+00
4.55E+00,3.20E+00
4.55E+00,3.30E+00
4.55E+00,3.40E+00
4.55E+00,3.50E+00
4.55E+00,3.60E+00
4.55E+00,3.70E+00
4.55E+00,3.80E+00
4.55E+00,3.90E+00
4.55E+00,4.00E+00
4.55E+00,4.10E+00
4.55E+00,4.20E+00
4.55E+00,4.30E+00
4.55E+00,4.40E+00
4.55E+00,4.50E+00
4.55E+00,4.60E+00
4.55E+00,4.70E+00
4.55E+00,4.80E+00
4.55E+00,4.90E+00
4.55E+00,5.00E+00
4.65E+00,1.00E-02
4.65E+00,2.00E-02
4.65E+00,3.00E-02
4.65E+00,4.00E-02
4.65E+00,5.00E-02
4.65E+00,6.00E-02
4.65E+00,7.00E-02
4.65E+00,8.00E-02
4.65E+00,9.00E-02
4.65E+00,1.00E-01
4.65E+00,1.10E-01
4.65E+00,1.20E-01
4.65E+00,1.30E-01
4.65E+00,1.40E-01
4.65E+00,1.00E-01
4.65E+00,2.00E-01
4.65E+00,3.00E-01
4.65E+00,4.00E-01
4.65E+00,5.00E-01
4.65E+00,6.00E-01
4.65E+00,7.00E-01
4.65E+00,8.00E-01
4.65E+00,9.00E-01
4.65E+00,1.00E+00
4.65E+00,1.10E+00
4.65E+00,1.20E+00
4.65E+00,1.30E+00
4.65E+00,1.40E+00
4.65E+00,1.50E+00
4.65E+00,1.60E+00
4.65E+00,1.70E+00
4.65E+00,1.80E+00
4.65E+00,1.90E+00
4.65E+00,2.00E+00
4.65E+00,2.10E+00
4.65E+00,2.20E+00
4.65E+00,2.30E+00
4.65E+00,2.40E+00
4.65E+00,2.50E+00
4.65E+00,2.60E+00
4.65E+00,2.70E+00
4.65E+00,2.80E+00
4.65E+00,2.90E+00
4.65E+00,3.00E+00
4.65E+00,3.10E+00
4.65E+00,3.20E+00
4.65E+00,3.30E+00
4.65E+00,3.40E+00
4.65E+00,3.50E+00
4.65E+00,3.60E+00
4.65E+00,3.70E+00
4.65E+00,3.80E+00
4.65E+00,3.90E+00
4.65E+00,4.00E+00
4.65E+00,4.10E+00
4.65E+00,4.20E+00
4.65E+00,4.30E+00
4.65E+00,4.40E+00
4.65E+00,4.50E+00
4.65E+00,4.60E+00
4.65E+00,4.70E+00
4.65E+00,4.80E+00
4.65E+00,4.90E+00
4.65E+00,5.00E+00
4.75E+00,1.00E-02
4.75E+00,2.00E-02
4.75E+00,3.00E-02
4.75E+00,4.00E-02
4.75E+00,5.00E-02
4.75E+00,6.00E-02
4.75E+00,7.00E-02
4.75E+00,8.00E-02
4.75E+00,9.00E-02
4.75E+00,1.00E-01
4.75E+00,1.10E-01
4.75E+00,1.20E-01
4.75E+00,1.30E-01
4.75E+00,1.40E-01
4.75E+00,1.00E-01
4.75E+00,2.00E-01
4.75E+00,3.00E-01
4.75E+00,4.00E-01
4.75E+00,5.00E-01
4.75E+00,6.00E-01
4.75E+00,7.00E-01
4.75E+00,8.00E-01
4.75E+00,9.00E-01
4.75E+00,1.00E+00
4.75E+00,1.10E+00
4.75E+00,1.20E+00
4.75E+00,1.30E+00
4.75E+00,1.40E+00
4.75E+00,1.50E+00
4.75E+00,1.60E+00
4.75E+00,1.70E+00
4.75E+00,1.80E+00
4.75E+00,1.90E+00
4.75E+00,2.00E+00
4.75E+00,2.10E+00
4.75E+00,2.20E+00
4.75E+00,2.30E+00
4.75E+00,2.40E+00
4.75E+00,2.50E+00
4.75E+00,2.60E+00
4.75E+00,2.70E+00
4.75E+00,2.80E+00
4.75E+00,2.90E+00
4.75E+00,3.00E+00
4.75E+00,3.10E+00
4.75E+00,3.20E+00
4.75E+00,3.30E+00
4.75E+00,3.40E+00
4.75E+00,3.50E+00
4.75E+00,3.60E+00
4.75E+00,3.70E+00
4.75E+00,3.80E+00
4.75E+00,3.90E+00
4.75E+00,4.00E+00
4.75E+00,4.10E+00
4.75E+00,4.20E+00
4.75E+00,4.30E+00
4.75E+00,4.40E+00
4.75E+00,4.50E+00
4.75E+00,4.60E+00
4.75E+00,4.70E+00
4.75E+00,4.80E+00
4.75E+00,4.90E+00
4.75E+00,5.00E+00
4.85E+00,1.00E-02
4.85E+00,2.00E-02
4.85E+00,3.00E-02
4.85E+00,4.00E-02
4.85E+00,5.00E-02
4.85E+00,6.00E-02
4.85E+00,7.00E-02
4.85E+00,8.00E-02
4.85E+00,9.00E-02
4.85E+00,1.00E-01
4.85E+00,1.10E-01
4.85E+00,1.20E-01
4.85E+00,1.30E-01
4.85E+00,1.40E-01
4.85E+00,1.00E-01
4.85E+00,2.00E-01
4.85E+00,3.00E-01
4.85E+00,4.00E-01
4.85E+00,5.00E-01
4.85E+00,6.00E-01
4.85E+00,7.00E-01
4.85E+00,8.00E-01
4.85E+00,9.00E-01
4.85E+00,1.00E+00
4.85E+00,1.10E+00
4.85E+00,1.20E+00
4.85E+00,1.30E+00
4.85E+00,1.40E+00
4.85E+00,1.50E+00
4.85E+00,1.60E+00
4.85E+00,1.70E+00
4.85E+00,1.80E+00
4.85E+00,1.90E+00
4.85E+00,2.00E+00
4.85E+00,2.10E+00
4.85E+00,2.20E+00
4.85E+00,2.30E+00
4.85E+00,2.40E+00
4.85E+00,2.50E+00
4.85E+00,2.60E+00
4.85E+00,2.70E+00
4.85E+00,2.80E+00
4.85E+00,2.90E+00
4.85E+00,3.00E+00
4.85E+00,3.10E+00
4.85E+00,3.20E+00
4.85E+00,3.30E+00
4.85E+00,3.40E+00
4.85E+00,3.50E+00
4.85E+00,3.60E+00
4.85E+00,3.70E+00
4.85E+00,3.80E+00
4.85E+00,3.90E+00
4.85E+00,4.00E+00
4.85E+00,4.10E+00
4.85E+00,4.20E+00
4.85E+00,4.30E+00
4.85E+00,4.40E+00
4.85E+00,4.50E+00
4.85E+00,4.60E+00
4.85E+00,4.70E+00
4.85E+00,4.80E+00
4.85E+00,4.90E+00
4.85E+00,5.00E+00
4.95E+00,1.00E-02
5.05E+00,1.00E-02
